asset,range_start,day_of_week,strike_rate,average_duration,tp_percent,sl_percent,reward_to_risk
6A,18:00,Wednesday,57,46,0.1,0.05,2
6A,18:10,Sunday,50,37.71,0.1,0.05,2
6A,18:30,Monday,50,32.43,0.1,0.05,2
6A,18:30,Tuesday,50,45.92,0.1,0.05,2
6A,19:00,Monday,50,42,0.1,0.05,2
6A,19:20,Tuesday,67,25.67,0.1,0.05,2
6A,19:30,Monday,57,22.86,0.1,0.05,2
6A,19:40,Monday,50,25.36,0.1,0.05,2
6A,20:00,Monday,50,21,0.1,0.05,2
6A,20:10,Sunday,50,24.07,0.1,0.05,2
6A,20:10,Tuesday,50,44.83,0.1,0.05,2
6A,20:20,Sunday,50,22.57,0.1,0.05,2
6A,20:30,Tuesday,50,36.5,0.1,0.05,2
6A,20:30,Thursday,50,52.14,0.1,0.05,2
6A,20:40,Monday,50,23.71,0.1,0.05,2
6A,20:40,Tuesday,50,29.83,0.1,0.05,2
6A,21:00,Monday,50,21.36,0.1,0.05,2
6A,21:10,Sunday,50,47.79,0.1,0.05,2
6A,21:20,Sunday,50,40.79,0.1,0.05,2
6A,21:20,Wednesday,50,52.29,0.1,0.05,2
6A,21:40,Monday,57,21.79,0.1,0.05,2
6A,21:40,Tuesday,58,29.5,0.1,0.05,2
6A,21:50,Sunday,50,21.29,0.1,0.05,2
6A,22:00,Wednesday,57,51.43,0.1,0.05,2
6A,22:10,Sunday,57,40.07,0.1,0.05,2
6A,22:10,Tuesday,58,57.75,0.1,0.05,2
6A,22:10,Thursday,50,51.21,0.1,0.05,2
6A,22:10,Totals,49,40.76,0.1,0.05,2
6A,22:20,Sunday,71,33.29,0.1,0.05,2
6A,22:20,Monday,64,17.79,0.1,0.05,2
6A,22:20,Wednesday,50,57.93,0.1,0.05,2
6A,22:20,Totals,48,41.76,0.1,0.05,2
6A,22:30,Monday,50,44.5,0.1,0.05,2
6A,22:30,Tuesday,50,52.5,0.1,0.05,2
6A,23:10,Sunday,57,39.79,0.1,0.05,2
6A,23:20,Sunday,50,43.64,0.1,0.05,2
6A,23:20,Monday,50,34.43,0.1,0.05,2
6A,23:30,Monday,57,45,0.1,0.05,2
6A,23:40,Monday,57,38.86,0.1,0.05,2
6A,23:40,Tuesday,50,49.25,0.1,0.05,2
6A,23:40,Thursday,50,39.21,0.1,0.05,2
6A,0:10,Tuesday,50,44.57,0.1,0.05,2
6A,0:20,Thursday,50,59.14,0.1,0.05,2
6A,1:20,Friday,64,33.43,0.1,0.05,2
6A,1:30,Thursday,50,28.21,0.1,0.05,2
6A,1:30,Friday,50,39.57,0.1,0.05,2
6A,1:40,Thursday,57,45.79,0.1,0.05,2
6A,1:50,Wednesday,50,25.42,0.1,0.05,2
6A,2:00,Wednesday,58,33.58,0.1,0.05,2
6A,2:10,Tuesday,50,24.86,0.1,0.05,2
6A,2:20,Tuesday,50,22.07,0.1,0.05,2
6A,2:20,Wednesday,67,30.42,0.1,0.05,2
6A,2:30,Tuesday,50,31.29,0.1,0.05,2
6A,2:30,Thursday,50,19.29,0.1,0.05,2
6A,2:40,Thursday,50,16,0.1,0.05,2
6A,2:50,Wednesday,50,31.92,0.1,0.05,2
6A,2:50,Thursday,50,12.36,0.1,0.05,2
6A,3:00,Friday,50,32.36,0.1,0.05,2
6A,3:20,Thursday,50,26.43,0.1,0.05,2
6A,3:30,Monday,50,30.21,0.1,0.05,2
6A,3:30,Wednesday,50,35.75,0.1,0.05,2
6A,3:40,Monday,50,23.07,0.1,0.05,2
6A,3:40,Tuesday,50,44.36,0.1,0.05,2
6A,3:40,Wednesday,75,30.42,0.1,0.05,2
6A,3:40,Friday,50,39.71,0.1,0.05,2
6A,3:40,Totals,51,34.65,0.1,0.05,2
6A,4:20,Friday,50,38.14,0.1,0.05,2
6A,4:30,Monday,57,39,0.1,0.05,2
6A,4:40,Wednesday,50,51.17,0.1,0.05,2
6A,4:50,Monday,64,36.93,0.1,0.05,2
6A,4:50,Wednesday,50,33.83,0.1,0.05,2
6A,5:00,Wednesday,58,41.08,0.1,0.05,2
6A,5:10,Wednesday,58,42.92,0.1,0.05,2
6A,5:30,Friday,57,40.36,0.1,0.05,2
6A,6:20,Monday,50,27.43,0.1,0.05,2
6A,6:20,Wednesday,50,31.5,0.1,0.05,2
6A,6:30,Monday,50,48.86,0.1,0.05,2
6A,6:30,Tuesday,50,29.36,0.1,0.05,2
6A,6:30,Wednesday,50,47.75,0.1,0.05,2
6A,6:40,Monday,57,62,0.1,0.05,2
6A,6:50,Wednesday,58,41.33,0.1,0.05,2
6A,7:00,Tuesday,64,29,0.1,0.05,2
6A,7:00,Wednesday,50,33.83,0.1,0.05,2
6A,7:20,Monday,50,49.79,0.1,0.05,2
6A,7:20,Friday,50,41.21,0.1,0.05,2
6A,7:40,Tuesday,50,35.21,0.1,0.05,2
6A,7:50,Monday,50,40,0.1,0.05,2
6A,8:00,Monday,57,45.43,0.1,0.05,2
6A,8:20,Monday,57,46.43,0.1,0.05,2
6A,8:20,Wednesday,50,15.17,0.1,0.05,2
6A,8:40,Tuesday,50,24.21,0.1,0.05,2
6A,9:00,Tuesday,57,26.43,0.1,0.05,2
6A,9:20,Friday,50,10.14,0.1,0.05,2
6A,9:40,Monday,50,21.79,0.1,0.05,2
6A,9:40,Tuesday,50,12.29,0.1,0.05,2
6A,9:50,Tuesday,50,9.21,0.1,0.05,2
6A,9:50,Wednesday,50,7.33,0.1,0.05,2
6A,9:50,Friday,79,8.07,0.1,0.05,2
6A,9:50,Totals,52,10.92,0.1,0.05,2
6A,10:00,Thursday,50,32.43,0.1,0.05,2
6A,10:00,Friday,57,16.14,0.1,0.05,2
6A,10:10,Monday,57,11.43,0.1,0.05,2
6A,10:10,Tuesday,57,16.36,0.1,0.05,2
6A,10:10,Thursday,50,47.14,0.1,0.05,2
6A,11:30,Monday,50,32.14,0.1,0.05,2
6A,11:40,Monday,50,31.43,0.1,0.05,2
6A,11:50,Friday,50,35.07,0.1,0.05,2
6A,12:00,Wednesday,58,38.42,0.1,0.05,2
6A,12:20,Thursday,57,43.29,0.1,0.05,2
6A,12:30,Tuesday,50,70.5,0.1,0.05,2
6A,12:40,Friday,57,38,0.1,0.05,2
6A,12:50,Friday,50,62.43,0.1,0.05,2
6A,13:40,Wednesday,58,54.42,0.1,0.05,2
6A,18:00,Tuesday,67,68,0.1,0.1,1
6A,18:00,Wednesday,71,68.29,0.1,0.1,1
6A,18:30,Tuesday,67,52.33,0.1,0.1,1
6A,19:20,Tuesday,83,46,0.1,0.1,1
6A,19:30,Monday,71,40.79,0.1,0.1,1
6A,19:30,Tuesday,67,53.75,0.1,0.1,1
6A,20:30,Tuesday,67,60.17,0.1,0.1,1
6A,20:40,Monday,79,35.5,0.1,0.1,1
6A,20:40,Tuesday,83,65,0.1,0.1,1
6A,21:20,Sunday,71,59.21,0.1,0.1,1
6A,21:40,Tuesday,67,54.67,0.1,0.1,1
6A,22:10,Sunday,79,65.79,0.1,0.1,1
6A,22:10,Tuesday,67,90,0.1,0.1,1
6A,22:20,Sunday,71,52.71,0.1,0.1,1
6A,22:20,Wednesday,79,96.5,0.1,0.1,1
6A,22:30,Monday,71,70.5,0.1,0.1,1
6A,22:30,Tuesday,67,108.92,0.1,0.1,1
6A,22:30,Wednesday,71,107.21,0.1,0.1,1
6A,22:30,Totals,67,86.57,0.1,0.1,1
6A,22:40,Sunday,71,74.86,0.1,0.1,1
6A,0:10,Wednesday,67,93.67,0.1,0.1,1
6A,1:20,Friday,86,52.79,0.1,0.1,1
6A,1:30,Friday,79,81.43,0.1,0.1,1
6A,1:40,Thursday,71,53.5,0.1,0.1,1
6A,1:50,Wednesday,67,36.92,0.1,0.1,1
6A,2:00,Wednesday,75,44.92,0.1,0.1,1
6A,2:10,Tuesday,79,40.43,0.1,0.1,1
6A,2:20,Wednesday,92,45.58,0.1,0.1,1
6A,2:30,Wednesday,67,51.25,0.1,0.1,1
6A,3:00,Wednesday,75,47.33,0.1,0.1,1
6A,3:40,Wednesday,92,41,0.1,0.1,1
6A,3:40,Friday,71,60.86,0.1,0.1,1
6A,3:40,Totals,68,54.24,0.1,0.1,1
6A,3:50,Wednesday,75,52.75,0.1,0.1,1
6A,4:10,Wednesday,67,66.83,0.1,0.1,1
6A,4:40,Wednesday,75,78.83,0.1,0.1,1
6A,4:50,Monday,71,89.5,0.1,0.1,1
6A,4:50,Wednesday,67,76.33,0.1,0.1,1
6A,4:50,Thursday,71,88.43,0.1,0.1,1
6A,5:00,Wednesday,67,66.33,0.1,0.1,1
6A,5:10,Tuesday,71,71.43,0.1,0.1,1
6A,5:10,Wednesday,83,54.83,0.1,0.1,1
6A,5:50,Tuesday,79,68.29,0.1,0.1,1
6A,6:30,Tuesday,71,57.36,0.1,0.1,1
6A,6:40,Monday,71,75.14,0.1,0.1,1
6A,6:50,Wednesday,75,54.75,0.1,0.1,1
6A,6:50,Thursday,71,79,0.1,0.1,1
6A,7:00,Tuesday,79,39.71,0.1,0.1,1
6A,7:30,Monday,71,49.57,0.1,0.1,1
6A,8:20,Tuesday,71,48,0.1,0.1,1
6A,8:40,Friday,71,31,0.1,0.1,1
6A,9:00,Tuesday,71,37.29,0.1,0.1,1
6A,9:00,Wednesday,75,34.25,0.1,0.1,1
6A,9:40,Tuesday,71,32.93,0.1,0.1,1
6A,9:40,Wednesday,67,29.67,0.1,0.1,1
6A,9:40,Friday,79,18.07,0.1,0.1,1
6A,9:50,Wednesday,75,16.75,0.1,0.1,1
6A,9:50,Friday,79,12.71,0.1,0.1,1
6A,9:50,Totals,68,26.16,0.1,0.1,1
6A,10:00,Thursday,71,53.43,0.1,0.1,1
6A,10:10,Monday,71,29.5,0.1,0.1,1
6A,10:10,Thursday,71,70,0.1,0.1,1
6A,11:30,Monday,71,98.79,0.1,0.1,1
6A,12:00,Wednesday,75,60.67,0.1,0.1,1
6A,13:40,Wednesday,67,71.92,0.1,0.1,1
6A,18:00,Wednesday,50,80,0.15,0.05,3
6A,18:10,Sunday,50,56.86,0.15,0.05,3
6A,21:40,Monday,50,33.14,0.15,0.05,3
6A,22:00,Wednesday,50,90.57,0.15,0.05,3
6A,22:10,Sunday,50,61.07,0.15,0.05,3
6A,22:10,Tuesday,50,113.67,0.15,0.05,3
6A,22:20,Sunday,50,65.93,0.15,0.05,3
6A,22:20,Monday,57,54.29,0.15,0.05,3
6A,22:30,Monday,50,59.29,0.15,0.05,3
6A,23:20,Monday,50,44.64,0.15,0.05,3
6A,23:30,Monday,57,68.21,0.15,0.05,3
6A,0:10,Tuesday,50,64.71,0.15,0.05,3
6A,1:20,Friday,57,50.29,0.15,0.05,3
6A,1:40,Thursday,50,57.29,0.15,0.05,3
6A,1:50,Wednesday,50,49.5,0.15,0.05,3
6A,2:00,Wednesday,58,44.42,0.15,0.05,3
6A,2:20,Wednesday,58,50.08,0.15,0.05,3
6A,3:40,Wednesday,75,65.25,0.15,0.05,3
6A,3:40,Friday,50,69.5,0.15,0.05,3
6A,4:40,Wednesday,50,67.25,0.15,0.05,3
6A,6:30,Tuesday,50,46.57,0.15,0.05,3
6A,7:00,Tuesday,50,47.5,0.15,0.05,3
6A,7:20,Monday,50,54.5,0.15,0.05,3
6A,7:50,Monday,50,48.07,0.15,0.05,3
6A,8:00,Monday,57,58.29,0.15,0.05,3
6A,8:20,Wednesday,50,21.25,0.15,0.05,3
6A,9:00,Tuesday,50,42.5,0.15,0.05,3
6A,9:50,Friday,79,11.57,0.15,0.05,3
6A,12:20,Thursday,57,58.86,0.15,0.05,3
6A,18:00,Wednesday,64,106.07,0.15,0.1,1.5
6A,19:30,Monday,64,56.14,0.15,0.1,1.5
6A,21:30,Monday,64,59.36,0.15,0.1,1.5
6A,22:10,Sunday,64,102.64,0.15,0.1,1.5
6A,22:20,Wednesday,71,142.86,0.15,0.1,1.5
6A,22:30,Monday,64,92.29,0.15,0.1,1.5
6A,22:30,Wednesday,71,124.36,0.15,0.1,1.5
6A,23:30,Monday,64,91.29,0.15,0.1,1.5
6A,0:10,Tuesday,64,101.21,0.15,0.1,1.5
6A,1:20,Friday,86,87.5,0.15,0.1,1.5
6A,1:30,Friday,71,111.93,0.15,0.1,1.5
6A,1:50,Wednesday,67,65.83,0.15,0.1,1.5
6A,2:00,Wednesday,75,66.58,0.15,0.1,1.5
6A,2:10,Tuesday,64,91.14,0.15,0.1,1.5
6A,2:20,Wednesday,83,76.08,0.15,0.1,1.5
6A,2:30,Wednesday,67,60.92,0.15,0.1,1.5
6A,3:40,Wednesday,83,89.83,0.15,0.1,1.5
6A,3:40,Friday,71,113.29,0.15,0.1,1.5
6A,3:50,Wednesday,67,118.67,0.15,0.1,1.5
6A,4:40,Wednesday,75,96.25,0.15,0.1,1.5
6A,5:10,Tuesday,64,112,0.15,0.1,1.5
6A,6:50,Wednesday,67,78.58,0.15,0.1,1.5
6A,6:50,Thursday,64,95.07,0.15,0.1,1.5
6A,7:00,Tuesday,64,74,0.15,0.1,1.5
6A,7:30,Monday,71,73.5,0.15,0.1,1.5
6A,7:50,Monday,64,59.5,0.15,0.1,1.5
6A,9:00,Tuesday,71,65,0.15,0.1,1.5
6A,9:40,Wednesday,67,35.92,0.15,0.1,1.5
6A,9:40,Friday,71,33.57,0.15,0.1,1.5
6A,9:50,Wednesday,75,38.67,0.15,0.1,1.5
6A,9:50,Friday,79,16.21,0.15,0.1,1.5
6A,10:00,Thursday,64,69.21,0.15,0.1,1.5
6A,11:30,Monday,64,133.43,0.15,0.1,1.5
6A,20:00,Monday,71,96.29,0.15,0.15,1
6A,20:20,Wednesday,71,188.71,0.15,0.15,1
6A,21:50,Sunday,71,84.64,0.15,0.15,1
6A,22:00,Wednesday,71,149.5,0.15,0.15,1
6A,22:10,Thursday,71,120.71,0.15,0.15,1
6A,22:20,Sunday,79,128.29,0.15,0.15,1
6A,22:20,Wednesday,79,166.5,0.15,0.15,1
6A,22:30,Monday,71,103.93,0.15,0.15,1
6A,22:30,Wednesday,79,140.71,0.15,0.15,1
6A,0:00,Monday,71,134.43,0.15,0.15,1
6A,0:10,Tuesday,71,109.21,0.15,0.15,1
6A,1:10,Monday,71,158.07,0.15,0.15,1
6A,1:20,Monday,71,109.93,0.15,0.15,1
6A,1:20,Friday,86,114.71,0.15,0.15,1
6A,1:30,Friday,79,144.93,0.15,0.15,1
6A,1:40,Friday,71,145.71,0.15,0.15,1
6A,1:50,Monday,71,123.36,0.15,0.15,1
6A,2:00,Wednesday,75,67.75,0.15,0.15,1
6A,2:10,Tuesday,71,109.29,0.15,0.15,1
6A,2:20,Wednesday,83,76.83,0.15,0.15,1
6A,2:30,Friday,71,133.93,0.15,0.15,1
6A,3:00,Thursday,71,176,0.15,0.15,1
6A,3:40,Wednesday,83,94.08,0.15,0.15,1
6A,3:40,Friday,71,119.93,0.15,0.15,1
6A,3:50,Wednesday,92,151,0.15,0.15,1
6A,4:40,Wednesday,75,131.42,0.15,0.15,1
6A,5:10,Tuesday,71,158.93,0.15,0.15,1
6A,6:50,Wednesday,75,100.5,0.15,0.15,1
6A,7:00,Tuesday,71,87.14,0.15,0.15,1
6A,7:20,Monday,71,85.64,0.15,0.15,1
6A,7:30,Monday,71,103.29,0.15,0.15,1
6A,9:00,Tuesday,71,72.14,0.15,0.15,1
6A,9:40,Friday,71,43.29,0.15,0.15,1
6A,9:50,Wednesday,75,42,0.15,0.15,1
6A,9:50,Friday,79,17,0.15,0.15,1
6A,11:30,Monday,71,145.79,0.15,0.15,1
6A,21:40,Monday,50,69.79,0.2,0.05,4
6A,22:00,Wednesday,50,134.14,0.2,0.05,4
6A,22:20,Monday,57,78.21,0.2,0.05,4
6A,22:30,Monday,50,107.21,0.2,0.05,4
6A,1:50,Wednesday,50,60.83,0.2,0.05,4
6A,2:00,Wednesday,58,52.25,0.2,0.05,4
6A,2:20,Wednesday,58,61.58,0.2,0.05,4
6A,3:40,Wednesday,67,114.25,0.2,0.05,4
6A,7:00,Tuesday,50,62.71,0.2,0.05,4
6A,7:20,Monday,50,77.07,0.2,0.05,4
6A,7:50,Monday,50,53.29,0.2,0.05,4
6A,8:00,Monday,50,71.64,0.2,0.05,4
6A,8:20,Wednesday,50,24.58,0.2,0.05,4
6A,9:50,Friday,64,24.43,0.2,0.05,4
6A,18:00,Wednesday,57,125.36,0.2,0.1,2
6A,19:40,Monday,57,65.79,0.2,0.1,2
6A,22:00,Wednesday,57,174.93,0.2,0.1,2
6A,22:20,Monday,57,89.71,0.2,0.1,2
6A,22:20,Wednesday,57,207.21,0.2,0.1,2
6A,22:30,Monday,64,144,0.2,0.1,2
6A,22:30,Wednesday,57,169.29,0.2,0.1,2
6A,23:30,Monday,57,135.64,0.2,0.1,2
6A,1:10,Monday,57,103.21,0.2,0.1,2
6A,1:20,Monday,57,114.86,0.2,0.1,2
6A,1:20,Friday,71,120.71,0.2,0.1,2
6A,1:50,Wednesday,67,85.67,0.2,0.1,2
6A,2:00,Wednesday,75,80.75,0.2,0.1,2
6A,2:20,Wednesday,83,100.75,0.2,0.1,2
6A,2:30,Wednesday,67,115.33,0.2,0.1,2
6A,3:00,Wednesday,58,100,0.2,0.1,2
6A,3:30,Friday,57,123.36,0.2,0.1,2
6A,3:40,Wednesday,75,155.25,0.2,0.1,2
6A,3:40,Friday,64,150,0.2,0.1,2
6A,3:50,Wednesday,67,137.92,0.2,0.1,2
6A,4:40,Wednesday,58,129.08,0.2,0.1,2
6A,7:00,Tuesday,64,91.07,0.2,0.1,2
6A,7:20,Monday,57,87.14,0.2,0.1,2
6A,7:30,Monday,71,95.21,0.2,0.1,2
6A,7:50,Monday,64,65,0.2,0.1,2
6A,8:20,Wednesday,58,45.33,0.2,0.1,2
6A,9:00,Tuesday,57,118.5,0.2,0.1,2
6A,9:00,Wednesday,58,53.83,0.2,0.1,2
6A,9:40,Wednesday,67,60.42,0.2,0.1,2
6A,9:40,Friday,57,94.36,0.2,0.1,2
6A,9:50,Friday,64,54.64,0.2,0.1,2
6A,11:30,Monday,57,170,0.2,0.1,2
6A,20:20,Wednesday,64,232.14,0.2,0.15,1.333333333
6A,21:10,Monday,64,100.71,0.2,0.15,1.333333333
6A,21:10,Tuesday,67,211.17,0.2,0.15,1.333333333
6A,21:50,Sunday,64,193.36,0.2,0.15,1.333333333
6A,22:00,Wednesday,64,209.64,0.2,0.15,1.333333333
6A,22:20,Monday,64,115.21,0.2,0.15,1.333333333
6A,22:20,Wednesday,64,232.57,0.2,0.15,1.333333333
6A,22:30,Monday,71,158.29,0.2,0.15,1.333333333
6A,0:10,Monday,64,192,0.2,0.15,1.333333333
6A,1:10,Monday,64,206.07,0.2,0.15,1.333333333
6A,1:20,Monday,71,161.29,0.2,0.15,1.333333333
6A,1:20,Friday,71,159,0.2,0.15,1.333333333
6A,1:30,Friday,64,208.57,0.2,0.15,1.333333333
6A,1:50,Monday,64,180.93,0.2,0.15,1.333333333
6A,1:50,Wednesday,67,92.92,0.2,0.15,1.333333333
6A,2:00,Wednesday,75,81.92,0.2,0.15,1.333333333
6A,2:20,Wednesday,83,101.5,0.2,0.15,1.333333333
6A,2:30,Wednesday,67,128.58,0.2,0.15,1.333333333
6A,2:30,Friday,64,198.14,0.2,0.15,1.333333333
6A,2:50,Monday,64,196.07,0.2,0.15,1.333333333
6A,3:00,Thursday,64,235.29,0.2,0.15,1.333333333
6A,3:20,Thursday,64,214.5,0.2,0.15,1.333333333
6A,3:30,Friday,64,140.71,0.2,0.15,1.333333333
6A,3:40,Wednesday,75,160.83,0.2,0.15,1.333333333
6A,3:40,Friday,64,157.5,0.2,0.15,1.333333333
6A,3:50,Wednesday,83,189.5,0.2,0.15,1.333333333
6A,7:00,Tuesday,71,106.36,0.2,0.15,1.333333333
6A,7:20,Monday,64,115.43,0.2,0.15,1.333333333
6A,7:30,Monday,71,125,0.2,0.15,1.333333333
6A,7:50,Monday,64,81.79,0.2,0.15,1.333333333
6A,8:20,Wednesday,67,66,0.2,0.15,1.333333333
6A,9:40,Wednesday,67,66,0.2,0.15,1.333333333
6A,9:50,Friday,64,72.93,0.2,0.15,1.333333333
6A,11:30,Monday,64,185.29,0.2,0.15,1.333333333
6A,18:00,Thursday,71,256.79,0.2,0.2,1
6A,18:20,Sunday,71,269.71,0.2,0.2,1
6A,18:40,Thursday,71,211.21,0.2,0.2,1
6A,18:50,Sunday,86,270.07,0.2,0.2,1
6A,19:30,Wednesday,79,196.86,0.2,0.2,1
6A,20:30,Thursday,71,312.71,0.2,0.2,1
6A,20:50,Wednesday,79,294.14,0.2,0.2,1
6A,22:30,Monday,86,193.79,0.2,0.2,1
6A,23:00,Tuesday,75,262,0.2,0.2,1
6A,23:20,Tuesday,75,256.75,0.2,0.2,1
6A,23:40,Wednesday,71,273.5,0.2,0.2,1
6A,0:10,Monday,71,210.64,0.2,0.2,1
6A,1:00,Thursday,79,176.64,0.2,0.2,1
6A,1:10,Monday,79,242.5,0.2,0.2,1
6A,1:20,Monday,79,222.43,0.2,0.2,1
6A,1:20,Friday,71,184.36,0.2,0.2,1
6A,1:30,Friday,71,248.57,0.2,0.2,1
6A,2:00,Wednesday,75,92.58,0.2,0.2,1
6A,2:10,Thursday,71,232.64,0.2,0.2,1
6A,2:20,Wednesday,92,107.92,0.2,0.2,1
6A,2:30,Tuesday,71,201.14,0.2,0.2,1
6A,3:20,Thursday,71,256.21,0.2,0.2,1
6A,3:40,Wednesday,75,183.25,0.2,0.2,1
6A,3:40,Friday,79,215.21,0.2,0.2,1
6A,3:50,Wednesday,83,193.08,0.2,0.2,1
6A,7:00,Tuesday,71,142.21,0.2,0.2,1
6A,7:20,Tuesday,71,231.21,0.2,0.2,1
6A,7:30,Monday,71,125.14,0.2,0.2,1
6A,19:20,Tuesday,42,61.58,0.25,0.05,5
6A,21:20,Wednesday,43,109.43,0.25,0.05,5
6A,21:40,Monday,43,98.57,0.25,0.05,5
6A,21:50,Tuesday,42,111.5,0.25,0.05,5
6A,22:00,Wednesday,50,139.71,0.25,0.05,5
6A,22:10,Monday,43,105.07,0.25,0.05,5
6A,22:20,Monday,57,84.5,0.25,0.05,5
6A,23:20,Monday,43,88.93,0.25,0.05,5
6A,1:50,Wednesday,50,77.42,0.25,0.05,5
6A,2:00,Wednesday,50,80.5,0.25,0.05,5
6A,2:10,Wednesday,42,52.5,0.25,0.05,5
6A,2:20,Wednesday,58,113.83,0.25,0.05,5
6A,2:50,Wednesday,42,84.42,0.25,0.05,5
6A,3:40,Wednesday,67,131.33,0.25,0.05,5
6A,6:30,Tuesday,43,79.93,0.25,0.05,5
6A,7:00,Tuesday,43,91.5,0.25,0.05,5
6A,7:20,Monday,50,91.64,0.25,0.05,5
6A,7:50,Monday,43,56.71,0.25,0.05,5
6A,8:20,Monday,43,71.64,0.25,0.05,5
6A,8:20,Wednesday,50,29.58,0.25,0.05,5
6A,9:00,Tuesday,43,99.29,0.25,0.05,5
6A,9:50,Friday,43,99.5,0.25,0.05,5
6A,22:00,Wednesday,64,257.93,0.25,0.15,1.666666667
6A,22:20,Monday,64,122.36,0.25,0.15,1.666666667
6A,1:50,Monday,64,233.79,0.25,0.15,1.666666667
6A,3:00,Thursday,64,272.93,0.25,0.15,1.666666667
6A,7:00,Tuesday,64,139.5,0.25,0.15,1.666666667
6A,7:20,Monday,64,130.36,0.25,0.15,1.666666667
6A,7:30,Monday,64,176.36,0.25,0.15,1.666666667
6A,21:10,Tuesday,67,249.58,0.25,0.15,1.666666667
6A,1:50,Wednesday,67,145.58,0.25,0.15,1.666666667
6A,2:00,Wednesday,67,114.67,0.25,0.15,1.666666667
6A,3:50,Wednesday,67,267,0.25,0.15,1.666666667
6A,3:40,Wednesday,75,177.92,0.25,0.15,1.666666667
6A,2:20,Wednesday,83,155.67,0.25,0.15,1.666666667
6A,18:40,Thursday,64,368.36,0.25,0.2,1.25
6A,18:50,Sunday,64,390.5,0.25,0.2,1.25
6A,20:10,Thursday,64,455.57,0.25,0.2,1.25
6A,20:30,Thursday,64,429.21,0.25,0.2,1.25
6A,21:30,Thursday,64,331.43,0.25,0.2,1.25
6A,22:00,Wednesday,64,279.5,0.25,0.2,1.25
6A,22:20,Monday,64,153.14,0.25,0.2,1.25
6A,22:30,Monday,64,324.86,0.25,0.2,1.25
6A,23:10,Thursday,64,364.5,0.25,0.2,1.25
6A,23:20,Monday,64,251,0.25,0.2,1.25
6A,23:30,Monday,64,399.14,0.25,0.2,1.25
6A,0:10,Monday,64,306.07,0.25,0.2,1.25
6A,1:10,Monday,64,319.14,0.25,0.2,1.25
6A,1:30,Friday,64,290.5,0.25,0.2,1.25
6A,1:50,Monday,64,296.5,0.25,0.2,1.25
6A,2:10,Thursday,64,293,0.25,0.2,1.25
6A,3:00,Thursday,64,289.14,0.25,0.2,1.25
6A,4:40,Tuesday,64,281.14,0.25,0.2,1.25
6A,7:00,Tuesday,64,175.71,0.25,0.2,1.25
6A,7:20,Monday,64,137.57,0.25,0.2,1.25
6A,7:30,Monday,64,176.5,0.25,0.2,1.25
6A,8:40,Friday,64,104.71,0.25,0.2,1.25
6A,9:00,Tuesday,64,180.43,0.25,0.2,1.25
6A,21:10,Tuesday,67,258.92,0.25,0.2,1.25
6A,22:30,Tuesday,67,299.75,0.25,0.2,1.25
6A,23:00,Tuesday,67,320.42,0.25,0.2,1.25
6A,1:20,Wednesday,67,176.58,0.25,0.2,1.25
6A,1:50,Wednesday,67,151.42,0.25,0.2,1.25
6A,2:00,Wednesday,67,178.42,0.25,0.2,1.25
6A,2:50,Wednesday,67,190.67,0.25,0.2,1.25
6A,3:50,Wednesday,67,272.92,0.25,0.2,1.25
6A,18:00,Thursday,71,404.29,0.25,0.2,1.25
6A,20:50,Wednesday,71,325.86,0.25,0.2,1.25
6A,7:20,Tuesday,71,266.29,0.25,0.2,1.25
6A,23:20,Tuesday,75,306.75,0.25,0.2,1.25
6A,3:40,Wednesday,75,200.33,0.25,0.2,1.25
6A,1:00,Thursday,79,279.86,0.25,0.2,1.25
6A,2:20,Wednesday,92,163.75,0.25,0.2,1.25
6A,19:20,Tuesday,42,83.17,0.3,0.05,6
6A,21:50,Tuesday,42,131.83,0.3,0.05,6
6A,2:10,Wednesday,42,91.17,0.3,0.05,6
6A,2:20,Wednesday,42,155.83,0.3,0.05,6
6A,2:50,Wednesday,42,136.75,0.3,0.05,6
6A,8:20,Wednesday,42,42.5,0.3,0.05,6
6A,21:40,Monday,43,127.14,0.3,0.05,6
6A,22:10,Monday,43,117,0.3,0.05,6
6A,23:20,Monday,43,104.07,0.3,0.05,6
6A,22:20,Monday,50,123.86,0.3,0.05,6
6A,1:50,Wednesday,50,85.25,0.3,0.05,6
6A,2:00,Wednesday,50,122.67,0.3,0.05,6
6A,3:40,Wednesday,67,176.83,0.3,0.05,6
6A,22:20,Monday,50,175.5,0.3,0.1,3
6A,23:20,Monday,50,144.29,0.3,0.1,3
6A,1:20,Wednesday,50,114.83,0.3,0.1,3
6A,1:40,Wednesday,50,102.42,0.3,0.1,3
6A,2:10,Wednesday,50,114,0.3,0.1,3
6A,2:30,Wednesday,50,213.92,0.3,0.1,3
6A,2:50,Wednesday,50,168.92,0.3,0.1,3
6A,7:00,Tuesday,50,170.79,0.3,0.1,3
6A,7:30,Monday,50,163.07,0.3,0.1,3
6A,9:00,Tuesday,50,151.79,0.3,0.1,3
6A,1:50,Wednesday,58,156.58,0.3,0.1,3
6A,3:00,Wednesday,58,196.75,0.3,0.1,3
6A,3:50,Wednesday,58,195,0.3,0.1,3
6A,2:00,Wednesday,67,195.33,0.3,0.1,3
6A,3:40,Wednesday,67,252.83,0.3,0.1,3
6A,2:20,Wednesday,75,241.75,0.3,0.1,3
6A,23:20,Monday,57,165.79,0.3,0.15,2
6A,1:50,Monday,57,285.57,0.3,0.15,2
6A,7:00,Tuesday,57,187.64,0.3,0.15,2
6A,7:20,Tuesday,57,202.36,0.3,0.15,2
6A,8:00,Friday,57,89.36,0.3,0.15,2
6A,21:10,Tuesday,58,330.83,0.3,0.15,2
6A,21:50,Tuesday,58,252.42,0.3,0.15,2
6A,23:20,Tuesday,58,219.42,0.3,0.15,2
6A,2:30,Wednesday,58,236.25,0.3,0.15,2
6A,3:00,Wednesday,58,202.58,0.3,0.15,2
6A,1:50,Wednesday,67,172.42,0.3,0.15,2
6A,2:00,Wednesday,67,197.08,0.3,0.15,2
6A,3:40,Wednesday,67,258.42,0.3,0.15,2
6A,3:50,Wednesday,67,294.58,0.3,0.15,2
6A,2:20,Wednesday,75,242.92,0.3,0.15,2
6A,18:00,Thursday,64,451.57,0.3,0.2,1.5
6A,18:10,Thursday,57,350.93,0.3,0.2,1.5
6A,18:40,Thursday,64,444.57,0.3,0.2,1.5
6A,18:50,Sunday,57,501,0.3,0.2,1.5
6A,19:20,Tuesday,58,223.25,0.3,0.2,1.5
6A,20:00,Monday,57,296.64,0.3,0.2,1.5
6A,21:10,Tuesday,58,342.58,0.3,0.2,1.5
6A,21:50,Tuesday,58,258.67,0.3,0.2,1.5
6A,22:20,Tuesday,58,327.5,0.3,0.2,1.5
6A,22:30,Monday,57,354.57,0.3,0.2,1.5
6A,22:30,Tuesday,58,360.17,0.3,0.2,1.5
6A,23:00,Tuesday,67,339.08,0.3,0.2,1.5
6A,23:10,Thursday,57,448.43,0.3,0.2,1.5
6A,23:20,Monday,64,270.43,0.3,0.2,1.5
6A,23:20,Tuesday,75,347.58,0.3,0.2,1.5
6A,0:20,Wednesday,58,251.75,0.3,0.2,1.5
6A,1:00,Thursday,57,391.93,0.3,0.2,1.5
6A,1:10,Monday,64,391.71,0.3,0.2,1.5
6A,1:20,Monday,57,360.07,0.3,0.2,1.5
6A,1:20,Wednesday,67,209.33,0.3,0.2,1.5
6A,1:20,Friday,57,371.07,0.3,0.2,1.5
6A,1:50,Monday,57,348.79,0.3,0.2,1.5
6A,1:50,Wednesday,67,178.25,0.3,0.2,1.5
6A,2:00,Wednesday,67,260.83,0.3,0.2,1.5
6A,2:20,Wednesday,75,320.58,0.3,0.2,1.5
6A,2:30,Monday,57,327.71,0.3,0.2,1.5
6A,2:30,Wednesday,58,242.25,0.3,0.2,1.5
6A,2:50,Wednesday,67,243,0.3,0.2,1.5
6A,3:00,Wednesday,58,219.67,0.3,0.2,1.5
6A,3:40,Wednesday,67,280.83,0.3,0.2,1.5
6A,3:50,Wednesday,67,300.5,0.3,0.2,1.5
6A,4:30,Thursday,57,401.43,0.3,0.2,1.5
6A,4:50,Monday,57,298.57,0.3,0.2,1.5
6A,7:00,Tuesday,57,223.86,0.3,0.2,1.5
6A,7:20,Tuesday,64,290.21,0.3,0.2,1.5
6A,8:00,Friday,57,124.36,0.3,0.2,1.5
6A,7:00,Tuesday,36,137.5,0.35,0.05,7
6A,7:20,Monday,36,146.21,0.35,0.05,7
6A,8:20,Monday,36,80.21,0.35,0.05,7
6A,9:00,Tuesday,36,123.07,0.35,0.05,7
6A,9:50,Friday,36,119.36,0.35,0.05,7
6A,19:20,Tuesday,42,99.5,0.35,0.05,7
6A,1:50,Wednesday,42,162.33,0.35,0.05,7
6A,2:10,Wednesday,42,99.92,0.35,0.05,7
6A,2:20,Wednesday,42,200.75,0.35,0.05,7
6A,2:50,Wednesday,42,161.83,0.35,0.05,7
6A,21:40,Monday,43,132.14,0.35,0.05,7
6A,23:20,Monday,43,118.07,0.35,0.05,7
6A,22:20,Monday,50,155.57,0.35,0.05,7
6A,2:00,Wednesday,50,133.83,0.35,0.05,7
6A,3:40,Wednesday,58,210,0.35,0.05,7
6A,22:20,Monday,50,207.21,0.35,0.1,3.5
6A,23:20,Monday,50,158.64,0.35,0.1,3.5
6A,1:20,Wednesday,50,146.42,0.35,0.1,3.5
6A,1:40,Wednesday,50,130.08,0.35,0.1,3.5
6A,1:50,Wednesday,50,286.75,0.35,0.1,3.5
6A,2:00,Wednesday,67,210.17,0.35,0.1,3.5
6A,2:10,Wednesday,50,125.17,0.35,0.1,3.5
6A,2:20,Wednesday,75,304.33,0.35,0.1,3.5
6A,2:30,Wednesday,50,239.67,0.35,0.1,3.5
6A,2:50,Wednesday,50,194,0.35,0.1,3.5
6A,3:00,Wednesday,58,216,0.35,0.1,3.5
6A,3:40,Wednesday,58,292.17,0.35,0.1,3.5
6A,3:50,Wednesday,50,211.75,0.35,0.1,3.5
6A,7:00,Tuesday,50,179,0.35,0.1,3.5
6A,9:00,Tuesday,50,176.57,0.35,0.1,3.5
6A,19:20,Tuesday,50,199.58,0.35,0.15,2.333333333
6A,20:00,Monday,50,173.93,0.35,0.15,2.333333333
6A,21:10,Monday,50,185.36,0.35,0.15,2.333333333
6A,21:10,Tuesday,58,372,0.35,0.15,2.333333333
6A,21:40,Monday,50,215.43,0.35,0.15,2.333333333
6A,21:50,Tuesday,50,267.58,0.35,0.15,2.333333333
6A,22:10,Tuesday,50,328.42,0.35,0.15,2.333333333
6A,22:20,Monday,50,247.14,0.35,0.15,2.333333333
6A,22:30,Tuesday,50,354.5,0.35,0.15,2.333333333
6A,23:20,Monday,50,196.43,0.35,0.15,2.333333333
6A,23:20,Tuesday,50,298.33,0.35,0.15,2.333333333
6A,23:30,Monday,50,329.57,0.35,0.15,2.333333333
6A,0:10,Monday,50,335.79,0.35,0.15,2.333333333
6A,0:10,Wednesday,50,297.5,0.35,0.15,2.333333333
6A,0:20,Wednesday,50,208.75,0.35,0.15,2.333333333
6A,1:20,Monday,50,310.29,0.35,0.15,2.333333333
6A,1:20,Wednesday,50,202.25,0.35,0.15,2.333333333
6A,1:40,Wednesday,50,142.17,0.35,0.15,2.333333333
6A,1:50,Monday,50,336.29,0.35,0.15,2.333333333
6A,1:50,Wednesday,58,314.75,0.35,0.15,2.333333333
6A,2:00,Wednesday,67,211.92,0.35,0.15,2.333333333
6A,2:10,Wednesday,50,150,0.35,0.15,2.333333333
6A,2:20,Wednesday,75,305.5,0.35,0.15,2.333333333
6A,2:30,Wednesday,58,274.17,0.35,0.15,2.333333333
6A,2:40,Wednesday,50,234.42,0.35,0.15,2.333333333
6A,2:50,Monday,50,297.29,0.35,0.15,2.333333333
6A,2:50,Wednesday,50,208.58,0.35,0.15,2.333333333
6A,3:00,Wednesday,58,221.83,0.35,0.15,2.333333333
6A,3:40,Wednesday,58,297.75,0.35,0.15,2.333333333
6A,3:50,Wednesday,58,318.33,0.35,0.15,2.333333333
6A,7:00,Tuesday,57,195.93,0.35,0.15,2.333333333
6A,7:20,Monday,50,197.43,0.35,0.15,2.333333333
6A,7:20,Tuesday,50,226.71,0.35,0.15,2.333333333
6A,9:00,Tuesday,50,183.71,0.35,0.15,2.333333333
6A,18:00,Thursday,57,496.36,0.35,0.2,1.75
6A,18:10,Thursday,57,376.93,0.35,0.2,1.75
6A,19:20,Tuesday,58,244.25,0.35,0.2,1.75
6A,20:00,Monday,57,300.21,0.35,0.2,1.75
6A,21:10,Tuesday,58,383.75,0.35,0.2,1.75
6A,22:30,Tuesday,58,390,0.35,0.2,1.75
6A,23:20,Monday,57,302.36,0.35,0.2,1.75
6A,23:20,Tuesday,67,427.92,0.35,0.2,1.75
6A,0:20,Wednesday,58,267.17,0.35,0.2,1.75
6A,1:10,Monday,57,462.86,0.35,0.2,1.75
6A,1:20,Wednesday,67,243.33,0.35,0.2,1.75
6A,1:50,Wednesday,58,320.58,0.35,0.2,1.75
6A,2:00,Wednesday,67,275.67,0.35,0.2,1.75
6A,2:20,Wednesday,75,383.17,0.35,0.2,1.75
6A,2:30,Wednesday,58,280.17,0.35,0.2,1.75
6A,2:50,Wednesday,67,268.08,0.35,0.2,1.75
6A,3:00,Wednesday,58,238.92,0.35,0.2,1.75
6A,3:40,Wednesday,58,320.17,0.35,0.2,1.75
6A,3:50,Wednesday,58,324.25,0.35,0.2,1.75
6A,7:00,Tuesday,57,232.14,0.35,0.2,1.75
6A,7:20,Tuesday,57,315.43,0.35,0.2,1.75
6A,3:40,Wednesday,50,234.83,0.4,0.05,8
6A,2:00,Wednesday,50,148.08,0.4,0.05,8
6A,22:20,Monday,43,169.5,0.4,0.05,8
6A,2:20,Wednesday,42,204.92,0.4,0.05,8
6A,2:10,Wednesday,42,128.75,0.4,0.05,8
6A,1:50,Wednesday,42,172.5,0.4,0.05,8
6A,19:20,Tuesday,42,222.92,0.4,0.05,8
6A,9:50,Friday,36,123.71,0.4,0.05,8
6A,7:20,Monday,36,148.36,0.4,0.05,8
6A,7:00,Tuesday,36,153.07,0.4,0.05,8
6A,23:20,Monday,36,149.93,0.4,0.05,8
6A,2:50,Wednesday,33,200.92,0.4,0.05,8
6A,21:50,Tuesday,33,176.58,0.4,0.05,8
6A,9:40,Friday,29,73.86,0.4,0.05,8
6A,9:00,Tuesday,29,155.57,0.4,0.05,8
6A,8:20,Monday,29,82.57,0.4,0.05,8
6A,8:00,Monday,29,148.71,0.4,0.05,8
6A,7:10,Monday,29,120.29,0.4,0.05,8
6A,6:30,Friday,29,98.5,0.4,0.05,8
6A,6:30,Tuesday,29,155.5,0.4,0.05,8
6A,4:30,Monday,29,112.43,0.4,0.05,8
6A,0:10,Tuesday,29,142.29,0.4,0.05,8
6A,23:40,Sunday,29,106.71,0.4,0.05,8
6A,23:30,Monday,29,166,0.4,0.05,8
6A,22:10,Monday,29,275.64,0.4,0.05,8
6A,21:40,Monday,29,181.57,0.4,0.05,8
6A,19:30,Monday,29,88.36,0.4,0.05,8
6A,19:00,Monday,29,126.71,0.4,0.05,8
6A,18:10,Monday,29,79.5,0.4,0.05,8
6A,18:00,Monday,29,87.29,0.4,0.05,8
6A,19:20,Tuesday,42,263.58,0.4,0.1,4
6A,1:20,Wednesday,42,225.92,0.4,0.1,4
6A,1:40,Wednesday,42,216.92,0.4,0.1,4
6A,2:30,Wednesday,42,278.58,0.4,0.1,4
6A,2:50,Wednesday,42,233.08,0.4,0.1,4
6A,3:00,Wednesday,42,289.25,0.4,0.1,4
6A,22:20,Monday,43,296.64,0.4,0.1,4
6A,23:20,Monday,43,195.71,0.4,0.1,4
6A,23:30,Monday,43,278.57,0.4,0.1,4
6A,1:10,Monday,43,274.36,0.4,0.1,4
6A,1:20,Monday,43,253.79,0.4,0.1,4
6A,2:50,Monday,43,205.36,0.4,0.1,4
6A,7:20,Monday,43,167.86,0.4,0.1,4
6A,7:30,Monday,43,189.29,0.4,0.1,4
6A,9:00,Tuesday,43,217.71,0.4,0.1,4
6A,1:50,Wednesday,50,296.92,0.4,0.1,4
6A,2:10,Wednesday,50,155,0.4,0.1,4
6A,3:40,Wednesday,50,319.42,0.4,0.1,4
6A,7:00,Tuesday,50,196.64,0.4,0.1,4
6A,2:00,Wednesday,67,225.83,0.4,0.1,4
6A,2:20,Wednesday,75,310.92,0.4,0.1,4
6A,19:20,Tuesday,50,323,0.4,0.15,2.666666667
6A,21:10,Tuesday,58,379,0.4,0.15,2.666666667
6A,21:40,Monday,43,290.64,0.4,0.15,2.666666667
6A,21:50,Tuesday,50,304.5,0.4,0.15,2.666666667
6A,22:10,Tuesday,50,358,0.4,0.15,2.666666667
6A,22:20,Monday,43,336.57,0.4,0.15,2.666666667
6A,22:20,Tuesday,42,394,0.4,0.15,2.666666667
6A,22:30,Monday,43,388.36,0.4,0.15,2.666666667
6A,22:30,Tuesday,50,362.5,0.4,0.15,2.666666667
6A,22:50,Tuesday,42,353.75,0.4,0.15,2.666666667
6A,22:50,Thursday,43,307.79,0.4,0.15,2.666666667
6A,23:20,Monday,50,243.21,0.4,0.15,2.666666667
6A,23:20,Tuesday,42,320.75,0.4,0.15,2.666666667
6A,23:30,Monday,50,374.36,0.4,0.15,2.666666667
6A,0:00,Monday,43,346.71,0.4,0.15,2.666666667
6A,0:10,Monday,50,417.21,0.4,0.15,2.666666667
6A,0:10,Wednesday,50,304.75,0.4,0.15,2.666666667
6A,0:20,Wednesday,42,288.83,0.4,0.15,2.666666667
6A,1:10,Monday,43,410,0.4,0.15,2.666666667
6A,1:20,Monday,50,350.07,0.4,0.15,2.666666667
6A,1:20,Wednesday,42,281.75,0.4,0.15,2.666666667
6A,1:40,Wednesday,42,229,0.4,0.15,2.666666667
6A,1:50,Monday,43,381.57,0.4,0.15,2.666666667
6A,1:50,Wednesday,58,324.92,0.4,0.15,2.666666667
6A,2:00,Wednesday,67,227.58,0.4,0.15,2.666666667
6A,2:10,Wednesday,50,179.83,0.4,0.15,2.666666667
6A,2:20,Wednesday,75,312.08,0.4,0.15,2.666666667
6A,2:30,Monday,43,328.07,0.4,0.15,2.666666667
6A,2:30,Wednesday,50,313.08,0.4,0.15,2.666666667
6A,2:50,Monday,50,310.64,0.4,0.15,2.666666667
6A,2:50,Wednesday,42,247.67,0.4,0.15,2.666666667
6A,3:00,Wednesday,42,295.08,0.4,0.15,2.666666667
6A,3:40,Wednesday,50,328.83,0.4,0.15,2.666666667
6A,6:30,Tuesday,43,273.86,0.4,0.15,2.666666667
6A,7:00,Tuesday,57,213.64,0.4,0.15,2.666666667
6A,7:20,Monday,43,225.79,0.4,0.15,2.666666667
6A,7:20,Tuesday,43,256.14,0.4,0.15,2.666666667
6A,7:30,Monday,43,220.79,0.4,0.15,2.666666667
6A,9:00,Tuesday,43,224.86,0.4,0.15,2.666666667
6A,19:20,Tuesday,58,370.25,0.4,0.2,2
6A,21:10,Tuesday,58,390.75,0.4,0.2,2
6A,22:30,Tuesday,58,399.92,0.4,0.2,2
6A,23:20,Monday,57,360.79,0.4,0.2,2
6A,1:10,Monday,57,499.14,0.4,0.2,2
6A,1:20,Wednesday,58,328.75,0.4,0.2,2
6A,1:50,Wednesday,58,330.75,0.4,0.2,2
6A,2:00,Wednesday,67,291.33,0.4,0.2,2
6A,2:20,Wednesday,75,389.75,0.4,0.2,2
6A,2:50,Wednesday,58,307.17,0.4,0.2,2
6A,7:00,Tuesday,57,249.86,0.4,0.2,2
6A,2:00,Wednesday,50,154.92,0.45,0.05,9
6A,22:20,Monday,43,180.14,0.45,0.05,9
6A,2:10,Wednesday,42,132.42,0.45,0.05,9
6A,19:20,Tuesday,42,238.17,0.45,0.05,9
6A,9:50,Friday,36,134,0.45,0.05,9
6A,23:20,Monday,36,182,0.45,0.05,9
6A,2:20,Wednesday,33,255.58,0.45,0.05,9
6A,1:50,Wednesday,33,208.42,0.45,0.05,9
6A,9:40,Friday,29,78.64,0.45,0.05,9
6A,8:20,Monday,29,87.29,0.45,0.05,9
6A,7:20,Monday,29,162.71,0.45,0.05,9
6A,6:30,Friday,29,106.36,0.45,0.05,9
6A,23:40,Sunday,29,161.57,0.45,0.05,9
6A,23:30,Monday,29,172.29,0.45,0.05,9
6A,22:10,Monday,29,311.5,0.45,0.05,9
6A,21:40,Monday,29,184,0.45,0.05,9
6A,19:30,Monday,29,95,0.45,0.05,9
6A,19:00,Monday,29,128.14,0.45,0.05,9
6A,18:10,Monday,29,92.57,0.45,0.05,9
6A,18:00,Monday,29,104.57,0.45,0.05,9
6A,18:40,Monday,36,266.71,0.45,0.1,4.5
6A,19:20,Tuesday,42,278.83,0.45,0.1,4.5
6A,21:30,Monday,36,236.29,0.45,0.1,4.5
6A,21:30,Tuesday,33,308.67,0.45,0.1,4.5
6A,21:40,Monday,36,224.43,0.45,0.1,4.5
6A,22:20,Monday,43,307.29,0.45,0.1,4.5
6A,22:30,Monday,36,324.43,0.45,0.1,4.5
6A,23:00,Tuesday,33,190.42,0.45,0.1,4.5
6A,23:20,Monday,36,248.36,0.45,0.1,4.5
6A,23:20,Tuesday,33,180.5,0.45,0.1,4.5
6A,23:30,Monday,43,286.36,0.45,0.1,4.5
6A,0:00,Monday,36,236.93,0.45,0.1,4.5
6A,0:10,Monday,36,324.64,0.45,0.1,4.5
6A,0:40,Friday,36,239.07,0.45,0.1,4.5
6A,1:10,Monday,36,313.21,0.45,0.1,4.5
6A,1:10,Wednesday,33,159.75,0.45,0.1,4.5
6A,1:20,Monday,43,256.07,0.45,0.1,4.5
6A,1:20,Wednesday,42,231.42,0.45,0.1,4.5
6A,1:40,Wednesday,42,224.5,0.45,0.1,4.5
6A,1:50,Wednesday,42,332.83,0.45,0.1,4.5
6A,2:00,Wednesday,58,257.17,0.45,0.1,4.5
6A,2:10,Wednesday,50,159.17,0.45,0.1,4.5
6A,2:20,Wednesday,58,388.17,0.45,0.1,4.5
6A,2:30,Wednesday,33,327.83,0.45,0.1,4.5
6A,2:50,Monday,36,232,0.45,0.1,4.5
6A,2:50,Wednesday,33,266.17,0.45,0.1,4.5
6A,3:00,Wednesday,33,331.33,0.45,0.1,4.5
6A,4:50,Monday,36,261.14,0.45,0.1,4.5
6A,6:30,Friday,36,172,0.45,0.1,4.5
6A,6:40,Monday,36,126.5,0.45,0.1,4.5
6A,7:20,Monday,36,182.43,0.45,0.1,4.5
6A,7:30,Monday,36,218.43,0.45,0.1,4.5
6A,8:00,Tuesday,36,173.29,0.45,0.1,4.5
6A,9:40,Friday,36,199.14,0.45,0.1,4.5
6A,9:50,Friday,36,179.36,0.45,0.1,4.5
6A,21:10,Tuesday,50,492.92,0.45,0.15,3
6A,22:30,Tuesday,50,396,0.45,0.15,3
6A,23:30,Monday,50,384.14,0.45,0.15,3
6A,0:10,Monday,50,450.86,0.45,0.15,3
6A,1:50,Wednesday,50,360.83,0.45,0.15,3
6A,2:00,Wednesday,58,258.92,0.45,0.15,3
6A,2:10,Wednesday,50,184,0.45,0.15,3
6A,2:20,Wednesday,58,389.33,0.45,0.15,3
6A,2:20,Wednesday,58,467,0.45,0.2,2.25
6A,2:00,Wednesday,58,322.67,0.45,0.2,2.25
6A,1:20,Wednesday,58,356.42,0.45,0.2,2.25
6A,22:30,Tuesday,58,437.17,0.45,0.2,2.25
6A,2:50,Wednesday,50,340.25,0.45,0.2,2.25
6A,2:10,Wednesday,50,194.58,0.45,0.2,2.25
6A,1:50,Wednesday,50,366.67,0.45,0.2,2.25
6A,1:10,Monday,50,538.36,0.45,0.2,2.25
6A,0:20,Wednesday,50,382,0.45,0.2,2.25
6A,0:10,Monday,50,491.29,0.45,0.2,2.25
6A,23:30,Monday,50,524.07,0.45,0.2,2.25
6A,23:20,Monday,50,413.93,0.45,0.2,2.25
6A,23:00,Tuesday,50,470.83,0.45,0.2,2.25
6A,22:30,Monday,50,468.5,0.45,0.2,2.25
6A,22:20,Tuesday,50,444.25,0.45,0.2,2.25
6A,21:10,Tuesday,50,504.67,0.45,0.2,2.25
6A,20:30,Thursday,50,584.36,0.45,0.2,2.25
6A,19:20,Tuesday,50,454.58,0.45,0.2,2.25
6A,18:10,Thursday,50,490.64,0.45,0.2,2.25
6A,18:00,Monday,29,114.43,0.5,0.05,10
6A,18:10,Monday,29,115.43,0.5,0.05,10
6A,19:00,Monday,29,144.43,0.5,0.05,10
6A,19:20,Tuesday,42,279.08,0.5,0.05,10
6A,19:30,Monday,29,95.71,0.5,0.05,10
6A,21:40,Monday,29,209.64,0.5,0.05,10
6A,22:10,Monday,29,332.36,0.5,0.05,10
6A,22:20,Monday,43,239.36,0.5,0.05,10
6A,23:40,Sunday,29,162,0.5,0.05,10
6A,1:50,Wednesday,33,211.42,0.5,0.05,10
6A,2:00,Wednesday,50,171.33,0.5,0.05,10
6A,2:10,Wednesday,42,160.58,0.5,0.05,10
6A,7:20,Monday,29,164.21,0.5,0.05,10
6A,9:50,Friday,36,136.5,0.5,0.05,10
6A,19:20,Tuesday,42,319.75,0.5,0.1,5
6A,1:20,Wednesday,42,246.83,0.5,0.1,5
6A,1:50,Wednesday,42,335.83,0.5,0.1,5
6A,22:20,Monday,43,366.5,0.5,0.1,5
6A,1:20,Monday,43,262.5,0.5,0.1,5
6A,2:10,Wednesday,50,188.92,0.5,0.1,5
6A,2:20,Wednesday,50,430.25,0.5,0.1,5
6A,2:00,Wednesday,58,273.58,0.5,0.1,5
6A,22:20,Monday,43,406.43,0.5,0.15,3.333333333
6A,22:50,Thursday,43,353.93,0.5,0.15,3.333333333
6A,0:00,Monday,43,405.21,0.5,0.15,3.333333333
6A,1:20,Monday,43,389.86,0.5,0.15,3.333333333
6A,1:50,Monday,43,397.14,0.5,0.15,3.333333333
6A,2:50,Monday,43,362.21,0.5,0.15,3.333333333
6A,21:10,Tuesday,50,517.33,0.5,0.15,3.333333333
6A,22:30,Tuesday,50,397.17,0.5,0.15,3.333333333
6A,1:50,Wednesday,50,363.83,0.5,0.15,3.333333333
6A,2:10,Wednesday,50,213.75,0.5,0.15,3.333333333
6A,2:20,Wednesday,50,431.42,0.5,0.15,3.333333333
6A,2:00,Wednesday,58,275.33,0.5,0.15,3.333333333
6A,18:10,Thursday,50,569.14,0.5,0.2,2.5
6A,19:20,Tuesday,50,497.92,0.5,0.2,2.5
6A,20:30,Thursday,50,606.21,0.5,0.2,2.5
6A,21:10,Tuesday,50,529.08,0.5,0.2,2.5
6A,22:20,Tuesday,50,467.17,0.5,0.2,2.5
6A,22:30,Tuesday,50,492.17,0.5,0.2,2.5
6A,0:20,Wednesday,50,388.75,0.5,0.2,2.5
6A,1:10,Monday,50,549.43,0.5,0.2,2.5
6A,1:20,Wednesday,58,371.83,0.5,0.2,2.5
6A,1:50,Wednesday,50,369.67,0.5,0.2,2.5
6A,2:00,Wednesday,58,339.08,0.5,0.2,2.5
6A,2:10,Wednesday,50,224.33,0.5,0.2,2.5
6A,2:20,Wednesday,50,509.08,0.5,0.2,2.5
6A,2:50,Wednesday,50,347.17,0.5,0.2,2.5
6A,22:20,Monday,43,267.5,0.55,0.05,11
6A,2:00,Wednesday,42,238,0.55,0.05,11
6A,19:20,Tuesday,42,292.42,0.55,0.05,11
6A,2:10,Wednesday,33,193.83,0.55,0.05,11
6A,1:50,Wednesday,33,221.17,0.55,0.05,11
6A,9:50,Friday,29,146.64,0.55,0.05,11
6A,19:30,Monday,29,98.71,0.55,0.05,11
6A,19:00,Monday,29,151.29,0.55,0.05,11
6A,18:10,Monday,29,130.93,0.55,0.05,11
6A,18:00,Monday,29,124,0.55,0.05,11
6A,8:20,Wednesday,25,130.08,0.55,0.05,11
6A,2:20,Wednesday,25,296.58,0.55,0.05,11
6A,23:20,Tuesday,25,132.25,0.55,0.05,11
6A,22:30,Tuesday,25,162.5,0.55,0.05,11
6A,21:50,Tuesday,25,286.33,0.55,0.05,11
6A,21:00,Tuesday,25,207.83,0.55,0.05,11
6A,19:10,Tuesday,25,206.58,0.55,0.05,11
6A,19:00,Tuesday,25,202.42,0.55,0.05,11
6A,19:20,Tuesday,42,333.08,0.55,0.1,5.5
6A,21:30,Monday,36,284.86,0.55,0.1,5.5
6A,22:20,Monday,43,394.64,0.55,0.1,5.5
6A,23:20,Tuesday,33,183.42,0.55,0.1,5.5
6A,1:10,Monday,36,327.43,0.55,0.1,5.5
6A,1:10,Wednesday,33,182.58,0.55,0.1,5.5
6A,1:20,Monday,43,270.36,0.55,0.1,5.5
6A,1:20,Wednesday,33,282.83,0.55,0.1,5.5
6A,1:50,Wednesday,42,345.58,0.55,0.1,5.5
6A,2:00,Wednesday,50,340.25,0.55,0.1,5.5
6A,2:10,Wednesday,42,225.92,0.55,0.1,5.5
6A,2:20,Wednesday,50,433.58,0.55,0.1,5.5
6A,2:50,Monday,36,245.86,0.55,0.1,5.5
6A,6:40,Monday,36,145.36,0.55,0.1,5.5
6A,2:20,Wednesday,50,434.75,0.55,0.15,3.666666667
6A,2:00,Wednesday,50,342,0.55,0.15,3.666666667
6A,1:50,Wednesday,50,373.58,0.55,0.15,3.666666667
6A,22:30,Tuesday,50,403.5,0.55,0.15,3.666666667
6A,21:10,Tuesday,50,564.67,0.55,0.15,3.666666667
6A,2:50,Monday,43,373.43,0.55,0.15,3.666666667
6A,1:50,Monday,43,399.57,0.55,0.15,3.666666667
6A,1:20,Monday,43,397.71,0.55,0.15,3.666666667
6A,22:50,Thursday,43,359.93,0.55,0.15,3.666666667
6A,22:20,Monday,43,434.57,0.55,0.15,3.666666667
6A,2:10,Wednesday,42,250.75,0.55,0.15,3.666666667
6A,23:20,Tuesday,42,342.5,0.55,0.15,3.666666667
6A,22:20,Tuesday,42,431.5,0.55,0.15,3.666666667
6A,22:10,Tuesday,42,476.5,0.55,0.15,3.666666667
6A,21:50,Tuesday,42,423.92,0.55,0.15,3.666666667
6A,19:20,Tuesday,42,460.83,0.55,0.15,3.666666667
6A,18:10,Thursday,50,578.93,0.55,0.2,2.75
6A,19:20,Tuesday,50,517.17,0.55,0.2,2.75
6A,20:30,Thursday,50,609.79,0.55,0.2,2.75
6A,21:10,Tuesday,50,576.42,0.55,0.2,2.75
6A,22:20,Tuesday,50,489.58,0.55,0.2,2.75
6A,22:30,Tuesday,50,498.5,0.55,0.2,2.75
6A,1:10,Monday,50,556.79,0.55,0.2,2.75
6A,1:20,Wednesday,50,443.75,0.55,0.2,2.75
6A,1:50,Wednesday,50,379.42,0.55,0.2,2.75
6A,2:00,Wednesday,50,405.75,0.55,0.2,2.75
6A,2:20,Wednesday,50,512.42,0.55,0.2,2.75
6A,18:00,Monday,29,124.5,0.6,0.05,12
6A,18:10,Monday,29,138.5,0.6,0.05,12
6A,19:00,Monday,29,179.07,0.6,0.05,12
6A,19:20,Tuesday,42,305.67,0.6,0.05,12
6A,19:30,Monday,29,102.14,0.6,0.05,12
6A,22:20,Monday,29,299.93,0.6,0.05,12
6A,2:00,Wednesday,33,295.42,0.6,0.05,12
6A,2:10,Wednesday,33,194.58,0.6,0.05,12
6A,19:20,Tuesday,42,346.33,0.6,0.1,6
6A,23:20,Tuesday,33,206,0.6,0.1,6
6A,1:10,Wednesday,33,187.08,0.6,0.1,6
6A,1:20,Monday,36,272.14,0.6,0.1,6
6A,1:50,Wednesday,33,387.5,0.6,0.1,6
6A,2:00,Wednesday,42,397.67,0.6,0.1,6
6A,2:10,Wednesday,33,280.42,0.6,0.1,6
6A,2:20,Wednesday,42,494.42,0.6,0.1,6
6A,6:40,Monday,36,147.57,0.6,0.1,6
6A,19:20,Tuesday,42,474.08,0.6,0.15,4
6A,21:10,Tuesday,50,591.75,0.6,0.15,4
6A,21:50,Tuesday,42,446.42,0.6,0.15,4
6A,22:10,Tuesday,42,497.42,0.6,0.15,4
6A,22:20,Tuesday,42,434.67,0.6,0.15,4
6A,22:30,Tuesday,42,436.58,0.6,0.15,4
6A,22:50,Thursday,43,367.43,0.6,0.15,4
6A,23:20,Tuesday,42,365.08,0.6,0.15,4
6A,1:50,Wednesday,42,415.5,0.6,0.15,4
6A,2:00,Wednesday,42,399.42,0.6,0.15,4
6A,2:20,Wednesday,42,495.58,0.6,0.15,4
6A,18:10,Thursday,50,601.36,0.6,0.2,3
6A,19:20,Tuesday,50,552.58,0.6,0.2,3
6A,20:30,Thursday,50,613.57,0.6,0.2,3
6A,21:10,Tuesday,50,603.5,0.6,0.2,3
6A,22:20,Tuesday,50,492.75,0.6,0.2,3
6A,19:20,Tuesday,42,309.67,0.65,0.05,13
6A,19:30,Monday,29,103.14,0.65,0.05,13
6A,19:00,Monday,29,185,0.65,0.05,13
6A,18:00,Monday,29,143.86,0.65,0.05,13
6A,2:10,Wednesday,25,233.83,0.65,0.05,13
6A,2:00,Wednesday,25,341.92,0.65,0.05,13
6A,1:50,Wednesday,25,268.5,0.65,0.05,13
6A,21:50,Tuesday,25,286.5,0.65,0.05,13
6A,21:00,Tuesday,25,263,0.65,0.05,13
6A,19:10,Tuesday,25,222.58,0.65,0.05,13
6A,19:00,Tuesday,25,217.25,0.65,0.05,13
6A,19:20,Tuesday,42,350.33,0.65,0.1,6.5
6A,1:50,Wednesday,33,392.92,0.65,0.1,6.5
6A,2:00,Wednesday,33,457.83,0.65,0.1,6.5
6A,18:10,Thursday,36,498.29,0.65,0.15,4.333333333
6A,19:20,Tuesday,42,478.08,0.65,0.15,4.333333333
6A,20:20,Thursday,36,366.57,0.65,0.15,4.333333333
6A,21:10,Tuesday,42,641.67,0.65,0.15,4.333333333
6A,22:10,Tuesday,42,501.75,0.65,0.15,4.333333333
6A,22:50,Thursday,36,425.36,0.65,0.15,4.333333333
6A,23:10,Thursday,36,365.29,0.65,0.15,4.333333333
6A,1:50,Wednesday,42,421.08,0.65,0.15,4.333333333
6A,2:50,Monday,36,409,0.65,0.15,4.333333333
6A,18:10,Thursday,50,613.79,0.65,0.2,3.25
6A,19:20,Tuesday,50,556.58,0.65,0.2,3.25
6A,20:10,Thursday,43,747.64,0.65,0.2,3.25
6A,20:20,Thursday,43,510.07,0.65,0.2,3.25
6A,20:30,Thursday,50,619,0.65,0.2,3.25
6A,23:10,Thursday,43,603,0.65,0.2,3.25
6A,1:10,Monday,43,560.43,0.65,0.2,3.25
6A,18:00,Monday,29,159.43,0.7,0.05,14
6A,19:20,Tuesday,33,366.5,0.7,0.05,14
6A,21:00,Tuesday,25,264.08,0.7,0.05,14
6A,21:50,Tuesday,25,289.42,0.7,0.05,14
6A,19:20,Tuesday,33,407.17,0.7,0.1,7
6A,18:10,Thursday,36,510,0.7,0.15,4.666666667
6A,19:20,Tuesday,33,534.92,0.7,0.15,4.666666667
6A,20:00,Tuesday,33,330.58,0.7,0.15,4.666666667
6A,22:10,Tuesday,33,541.58,0.7,0.15,4.666666667
6A,22:30,Tuesday,33,486.83,0.7,0.15,4.666666667
6A,22:50,Tuesday,33,399.33,0.7,0.15,4.666666667
6A,22:50,Thursday,36,429.93,0.7,0.15,4.666666667
6A,2:50,Monday,36,417.86,0.7,0.15,4.666666667
6A,18:00,Thursday,36,787.86,0.7,0.2,3.5
6A,18:10,Thursday,43,628.71,0.7,0.2,3.5
6A,19:20,Tuesday,42,623.83,0.7,0.2,3.5
6A,19:50,Thursday,36,684.36,0.7,0.2,3.5
6A,20:00,Tuesday,33,364.83,0.7,0.2,3.5
6A,20:10,Thursday,36,759.93,0.7,0.2,3.5
6A,22:10,Tuesday,33,553.58,0.7,0.2,3.5
6A,22:30,Tuesday,33,582.33,0.7,0.2,3.5
6A,22:50,Tuesday,33,497.42,0.7,0.2,3.5
6A,22:50,Thursday,36,538.71,0.7,0.2,3.5
6A,23:00,Tuesday,33,607.17,0.7,0.2,3.5
6A,2:50,Monday,36,460.71,0.7,0.2,3.5
6A,5:20,Monday,36,357.64,0.7,0.2,3.5
6A,18:00,Monday,29,168.5,0.75,0.05,15
6A,19:20,Tuesday,33,371.08,0.75,0.05,15
6A,21:00,Tuesday,25,288.5,0.75,0.05,15
6A,18:00,Monday,29,217.86,0.75,0.1,7.5
6A,19:20,Tuesday,33,411.75,0.75,0.1,7.5
6A,22:50,Thursday,29,270.43,0.75,0.1,7.5
6A,2:50,Monday,29,285.93,0.75,0.1,7.5
6A,6:40,Monday,29,186.57,0.75,0.1,7.5
6A,19:20,Tuesday,33,539.5,0.75,0.15,5
6A,22:30,Tuesday,33,487.08,0.75,0.15,5
6A,2:50,Monday,36,420.21,0.75,0.15,5
6A,18:00,Monday,21,203.57,0.8,0.05,16
6A,18:10,Monday,21,175.93,0.8,0.05,16
6A,19:20,Tuesday,25,418.83,0.8,0.05,16
6A,8:20,Monday,21,118.86,0.8,0.05,16
6N,3:40,Wednesday,67,26.17,0.1,0.05,2
6N,4:30,Monday,71,49.71,0.1,0.05,2
6N,21:30,Tuesday,75,92.08,0.1,0.1,1
6N,22:10,Wednesday,79,119.07,0.1,0.1,1
6N,22:40,Thursday,77,88.38,0.1,0.1,1
6N,23:00,Tuesday,75,75.08,0.1,0.1,1
6N,1:50,Wednesday,75,39.25,0.1,0.1,1
6N,2:00,Wednesday,75,39.42,0.1,0.1,1
6N,2:10,Tuesday,79,106.07,0.1,0.1,1
6N,2:10,Wednesday,75,31.67,0.1,0.1,1
6N,2:20,Wednesday,83,57.17,0.1,0.1,1
6N,2:40,Wednesday,75,47.67,0.1,0.1,1
6N,2:50,Wednesday,83,49.25,0.1,0.1,1
6N,3:00,Thursday,79,106.21,0.1,0.1,1
6N,3:20,Wednesday,75,36.5,0.1,0.1,1
6N,3:40,Monday,79,83.36,0.1,0.1,1
6N,4:00,Wednesday,83,55.58,0.1,0.1,1
6N,5:10,Wednesday,75,82.75,0.1,0.1,1
6N,5:30,Wednesday,75,69.67,0.1,0.1,1
6N,5:40,Thursday,79,86.14,0.1,0.1,1
6N,6:30,Wednesday,75,75.92,0.1,0.1,1
6N,7:00,Wednesday,75,67,0.1,0.1,1
6N,9:50,Wednesday,75,20.33,0.1,0.1,1
6N,10:10,Monday,79,54.86,0.1,0.1,1
6N,10:40,Wednesday,83,63.25,0.1,0.1,1
6N,10:40,Thursday,79,64.5,0.1,0.1,1
6N,21:40,Monday,57,115.57,0.15,0.05,3
6N,22:20,Sunday,57,88.5,0.15,0.05,3
6N,0:20,Thursday,57,81.86,0.15,0.05,3
6N,0:30,Thursday,57,73.14,0.15,0.05,3
6N,2:20,Wednesday,58,42.33,0.15,0.05,3
6N,3:40,Wednesday,67,57.17,0.15,0.05,3
6N,4:20,Monday,57,52.71,0.15,0.05,3
6N,4:30,Monday,57,87.14,0.15,0.05,3
6N,7:00,Tuesday,57,88.71,0.15,0.05,3
6N,22:10,Wednesday,79,146.43,0.15,0.1,1.5
6N,22:20,Sunday,71,114.5,0.15,0.1,1.5
6N,22:30,Wednesday,71,124.43,0.15,0.1,1.5
6N,2:00,Wednesday,75,51.58,0.15,0.1,1.5
6N,2:20,Wednesday,83,67.5,0.15,0.1,1.5
6N,2:40,Wednesday,75,64.58,0.15,0.1,1.5
6N,2:50,Wednesday,75,65.08,0.15,0.1,1.5
6N,3:00,Thursday,71,173.43,0.15,0.1,1.5
6N,4:30,Monday,71,126.07,0.15,0.1,1.5
6N,5:30,Tuesday,71,135,0.15,0.1,1.5
6N,10:40,Thursday,71,127.5,0.15,0.1,1.5
6N,20:50,Sunday,79,110,0.15,0.15,1
6N,21:40,Monday,79,208.21,0.15,0.15,1
6N,22:10,Wednesday,79,150.57,0.15,0.15,1
6N,22:30,Wednesday,79,159.29,0.15,0.15,1
6N,22:40,Wednesday,86,155.29,0.15,0.15,1
6N,2:00,Wednesday,83,77.58,0.15,0.15,1
6N,2:20,Wednesday,83,69,0.15,0.15,1
6N,3:00,Thursday,79,197.43,0.15,0.15,1
6N,3:50,Thursday,79,221.21,0.15,0.15,1
6N,4:30,Monday,79,172.79,0.15,0.15,1
6N,7:20,Monday,79,104.43,0.15,0.15,1
6N,10:40,Thursday,79,142.07,0.15,0.15,1
6N,21:40,Monday,57,140.5,0.2,0.05,4
6N,22:20,Sunday,50,135.5,0.2,0.05,4
6N,22:30,Wednesday,50,115,0.2,0.05,4
6N,0:30,Thursday,50,89.14,0.2,0.05,4
6N,1:20,Wednesday,50,52.67,0.2,0.05,4
6N,1:50,Wednesday,50,54.92,0.2,0.05,4
6N,2:00,Wednesday,50,39.25,0.2,0.05,4
6N,2:20,Wednesday,58,53.67,0.2,0.05,4
6N,3:40,Wednesday,58,96.92,0.2,0.05,4
6N,7:00,Tuesday,50,102.14,0.2,0.05,4
6N,8:20,Monday,50,36.86,0.2,0.05,4
6N,9:50,Tuesday,50,77.43,0.2,0.05,4
6N,21:40,Monday,64,175.5,0.2,0.1,2
6N,22:10,Wednesday,71,222.29,0.2,0.1,2
6N,22:20,Sunday,71,167.36,0.2,0.1,2
6N,22:30,Wednesday,71,193.86,0.2,0.1,2
6N,1:50,Wednesday,67,79.17,0.2,0.1,2
6N,2:00,Wednesday,75,66.5,0.2,0.1,2
6N,2:10,Tuesday,64,190.79,0.2,0.1,2
6N,2:20,Wednesday,83,80.92,0.2,0.1,2
6N,2:30,Wednesday,67,65.75,0.2,0.1,2
6N,2:40,Tuesday,64,201.29,0.2,0.1,2
6N,2:40,Wednesday,67,104.08,0.2,0.1,2
6N,2:50,Wednesday,75,84.17,0.2,0.1,2
6N,3:00,Thursday,64,243.71,0.2,0.1,2
6N,3:20,Wednesday,67,99.67,0.2,0.1,2
6N,3:40,Wednesday,67,110.33,0.2,0.1,2
6N,4:40,Wednesday,67,118.58,0.2,0.1,2
6N,20:50,Sunday,71,213.79,0.2,0.15,1.333333333
6N,21:40,Monday,79,240.64,0.2,0.15,1.333333333
6N,21:50,Sunday,71,207.57,0.2,0.15,1.333333333
6N,22:10,Wednesday,71,272.71,0.2,0.15,1.333333333
6N,22:20,Sunday,71,182.14,0.2,0.15,1.333333333
6N,22:20,Monday,71,287.21,0.2,0.15,1.333333333
6N,22:30,Wednesday,79,228.86,0.2,0.15,1.333333333
6N,1:50,Wednesday,75,103.08,0.2,0.15,1.333333333
6N,2:00,Wednesday,83,93.5,0.2,0.15,1.333333333
6N,2:20,Wednesday,83,82.42,0.2,0.15,1.333333333
6N,2:30,Wednesday,75,85.75,0.2,0.15,1.333333333
6N,2:50,Wednesday,75,100.83,0.2,0.15,1.333333333
6N,3:00,Thursday,71,270.07,0.2,0.15,1.333333333
6N,3:20,Wednesday,75,122.25,0.2,0.15,1.333333333
6N,3:40,Wednesday,75,132.92,0.2,0.15,1.333333333
6N,4:40,Wednesday,75,153.67,0.2,0.15,1.333333333
6N,9:10,Monday,71,113.14,0.2,0.15,1.333333333
6N,20:20,Tuesday,75,233.33,0.2,0.2,1
6N,20:50,Sunday,79,241.14,0.2,0.2,1
6N,21:40,Monday,79,244.29,0.2,0.2,1
6N,22:20,Sunday,79,269.57,0.2,0.2,1
6N,22:30,Wednesday,86,293.5,0.2,0.2,1
6N,1:50,Wednesday,75,105.5,0.2,0.2,1
6N,2:00,Wednesday,92,101.92,0.2,0.2,1
6N,2:20,Wednesday,83,88.67,0.2,0.2,1
6N,2:30,Wednesday,75,89.17,0.2,0.2,1
6N,2:50,Wednesday,75,106.33,0.2,0.2,1
6N,3:20,Wednesday,75,156.08,0.2,0.2,1
6N,3:40,Wednesday,75,154.58,0.2,0.2,1
6N,3:50,Wednesday,75,196.33,0.2,0.2,1
6N,4:00,Wednesday,75,194.67,0.2,0.2,1
6N,4:40,Wednesday,92,198.17,0.2,0.2,1
6N,6:50,Wednesday,75,170.92,0.2,0.2,1
6N,9:10,Monday,79,138.14,0.2,0.2,1
6N,21:40,Monday,50,161.71,0.25,0.05,5
6N,1:50,Wednesday,50,61.17,0.25,0.05,5
6N,2:00,Wednesday,50,47.5,0.25,0.05,5
6N,2:20,Wednesday,50,68.08,0.25,0.05,5
6N,3:40,Wednesday,50,142,0.25,0.05,5
6N,8:20,Monday,50,41.93,0.25,0.05,5
6N,20:40,Wednesday,57,165.79,0.25,0.1,2.5
6N,21:30,Monday,57,282.5,0.25,0.1,2.5
6N,21:30,Tuesday,58,216.92,0.25,0.1,2.5
6N,21:40,Monday,57,202.43,0.25,0.1,2.5
6N,1:50,Wednesday,67,90,0.25,0.1,2.5
6N,2:00,Wednesday,75,84.67,0.25,0.1,2.5
6N,2:10,Tuesday,57,233.36,0.25,0.1,2.5
6N,2:10,Wednesday,58,97.58,0.25,0.1,2.5
6N,2:20,Wednesday,83,111.83,0.25,0.1,2.5
6N,2:30,Wednesday,67,86.83,0.25,0.1,2.5
6N,2:40,Wednesday,58,145.33,0.25,0.1,2.5
6N,2:50,Wednesday,67,147.25,0.25,0.1,2.5
6N,3:00,Thursday,57,301.36,0.25,0.1,2.5
6N,3:20,Wednesday,58,146.42,0.25,0.1,2.5
6N,3:40,Wednesday,67,161.08,0.25,0.1,2.5
6N,9:00,Tuesday,57,140.71,0.25,0.1,2.5
6N,21:30,Tuesday,67,255.5,0.25,0.15,1.666666667
6N,21:30,Thursday,69,280,0.25,0.15,1.666666667
6N,21:40,Monday,71,276.57,0.25,0.15,1.666666667
6N,1:00,Wednesday,67,135.08,0.25,0.15,1.666666667
6N,1:50,Wednesday,75,115.08,0.25,0.15,1.666666667
6N,2:00,Wednesday,83,126.83,0.25,0.15,1.666666667
6N,2:20,Wednesday,83,113.33,0.25,0.15,1.666666667
6N,2:30,Wednesday,75,108.17,0.25,0.15,1.666666667
6N,2:40,Wednesday,67,163.25,0.25,0.15,1.666666667
6N,2:50,Wednesday,75,177.08,0.25,0.15,1.666666667
6N,3:40,Wednesday,67,187.17,0.25,0.15,1.666666667
6N,3:50,Wednesday,67,147.25,0.25,0.15,1.666666667
6N,20:50,Sunday,71,292.36,0.25,0.2,1.25
6N,21:30,Thursday,69,297,0.25,0.2,1.25
6N,21:40,Monday,71,280.71,0.25,0.2,1.25
6N,22:00,Monday,71,378.21,0.25,0.2,1.25
6N,22:30,Wednesday,71,365.71,0.25,0.2,1.25
6N,0:30,Friday,69,237.46,0.25,0.2,1.25
6N,1:50,Wednesday,75,117.5,0.25,0.2,1.25
6N,2:00,Wednesday,83,162.67,0.25,0.2,1.25
6N,2:20,Wednesday,83,119.58,0.25,0.2,1.25
6N,2:30,Wednesday,75,111.58,0.25,0.2,1.25
6N,2:50,Wednesday,75,182.58,0.25,0.2,1.25
6N,21:40,Monday,50,192.5,0.3,0.05,6
6N,22:30,Wednesday,43,186.07,0.3,0.05,6
6N,1:20,Wednesday,42,74.25,0.3,0.05,6
6N,1:50,Wednesday,50,74,0.3,0.05,6
6N,2:00,Wednesday,50,56.58,0.3,0.05,6
6N,2:20,Wednesday,50,90.17,0.3,0.05,6
6N,3:40,Wednesday,42,165.08,0.3,0.05,6
6N,8:20,Monday,43,77.57,0.3,0.05,6
6N,21:40,Monday,57,233.57,0.3,0.1,3
6N,1:50,Wednesday,67,121.33,0.3,0.1,3
6N,2:00,Wednesday,75,116.58,0.3,0.1,3
6N,2:10,Wednesday,58,115.58,0.3,0.1,3
6N,2:20,Wednesday,75,169.42,0.3,0.1,3
6N,2:30,Wednesday,58,136.17,0.3,0.1,3
6N,2:40,Wednesday,58,187.33,0.3,0.1,3
6N,2:50,Wednesday,67,199.83,0.3,0.1,3
6N,3:20,Wednesday,58,192,0.3,0.1,3
6N,3:40,Wednesday,58,188.17,0.3,0.1,3
6N,21:30,Thursday,69,330,0.3,0.15,2
6N,21:40,Monday,71,309.29,0.3,0.15,2
6N,1:00,Wednesday,67,177.75,0.3,0.15,2
6N,1:50,Wednesday,75,168.17,0.3,0.15,2
6N,2:00,Wednesday,83,166,0.3,0.15,2
6N,2:20,Wednesday,75,177,0.3,0.15,2
6N,2:30,Wednesday,67,180,0.3,0.15,2
6N,2:40,Wednesday,67,205.67,0.3,0.15,2
6N,2:50,Wednesday,75,230.08,0.3,0.15,2
6N,21:40,Monday,71,313.43,0.3,0.2,1.5
6N,22:30,Wednesday,71,431.21,0.3,0.2,1.5
6N,1:50,Wednesday,75,170.58,0.3,0.2,1.5
6N,2:00,Wednesday,83,201.83,0.3,0.2,1.5
6N,2:20,Wednesday,75,183.25,0.3,0.2,1.5
6N,2:30,Wednesday,75,186.92,0.3,0.2,1.5
6N,2:50,Wednesday,75,235.58,0.3,0.2,1.5
6N,21:40,Monday,50,205.29,0.35,0.05,7
6N,1:50,Wednesday,50,85.42,0.35,0.05,7
6N,2:00,Wednesday,50,76,0.35,0.05,7
6N,21:40,Monday,57,246.57,0.35,0.1,3.5
6N,1:50,Wednesday,67,136.58,0.35,0.1,3.5
6N,2:00,Wednesday,75,138.33,0.35,0.1,3.5
6N,2:10,Wednesday,58,143.67,0.35,0.1,3.5
6N,2:20,Wednesday,67,206.83,0.35,0.1,3.5
6N,2:30,Wednesday,58,179.83,0.35,0.1,3.5
6N,2:40,Wednesday,58,253.08,0.35,0.1,3.5
6N,2:50,Wednesday,67,243.83,0.35,0.1,3.5
6N,21:40,Monday,57,309.57,0.4,0.1,4
6N,21:40,Wednesday,50,343.29,0.4,0.1,4
6N,1:00,Wednesday,50,123.83,0.4,0.1,4
6N,1:20,Wednesday,50,167,0.4,0.1,4
6N,1:50,Wednesday,67,191.5,0.4,0.1,4
6N,2:00,Wednesday,75,244,0.4,0.1,4
6N,2:10,Wednesday,58,193.25,0.4,0.1,4
6N,2:20,Wednesday,67,265,0.4,0.1,4
6N,2:30,Wednesday,50,266.5,0.4,0.1,4
6N,2:50,Wednesday,58,283.5,0.4,0.1,4
6N,1:00,Wednesday,50,176.92,0.5,0.1,5
6N,1:20,Wednesday,50,228.17,0.5,0.1,5
6N,1:50,Wednesday,67,239.92,0.5,0.1,5
6N,2:00,Wednesday,58,312.17,0.5,0.1,5
6N,2:20,Wednesday,50,356.58,0.5,0.1,5
6N,18:10,Thursday,54,369.08,0.45,0.15,3
6N,19:20,Tuesday,58,329.25,0.45,0.15,3
6N,21:40,Monday,57,511,0.45,0.15,3
6N,22:30,Wednesday,57,541.36,0.45,0.15,3
6N,1:00,Wednesday,67,271.25,0.45,0.15,3
6N,1:50,Wednesday,75,282.33,0.45,0.15,3
6N,2:00,Wednesday,83,305.67,0.45,0.15,3
6N,2:20,Wednesday,58,329.42,0.45,0.15,3
6N,2:50,Wednesday,58,361.83,0.45,0.15,3
6N,19:20,Tuesday,50,407.25,0.6,0.15,4
6N,22:10,Tuesday,50,452.5,0.6,0.15,4
6N,22:20,Tuesday,50,416.92,0.6,0.15,4
6N,1:50,Wednesday,50,408.17,0.6,0.15,4
6N,19:20,Tuesday,42,520.08,0.75,0.15,5
6N,22:10,Tuesday,42,559.5,0.75,0.15,5
6N,2:00,Wednesday,83,330.67,0.4,0.2,2
6N,2:20,Wednesday,75,282.33,0.4,0.2,2
6N,1:50,Wednesday,75,242.33,0.4,0.2,2
6N,2:30,Wednesday,67,341.25,0.4,0.2,2
6N,1:00,Wednesday,67,230.75,0.4,0.2,2
6N,22:50,Tuesday,67,361.25,0.4,0.2,2
6N,19:20,Tuesday,67,272.67,0.4,0.2,2
6N,22:30,Wednesday,64,585.86,0.4,0.2,2
6N,21:40,Monday,64,428.64,0.4,0.2,2
6N,18:50,Tuesday,50,372.17,0.6,0.2,3
6N,19:20,Tuesday,58,411.67,0.6,0.2,3
6N,22:10,Tuesday,50,463.33,0.6,0.2,3
6N,22:20,Tuesday,58,453.25,0.6,0.2,3
6N,22:50,Tuesday,50,508.42,0.6,0.2,3
6N,1:50,Wednesday,50,433.5,0.6,0.2,3
6N,18:50,Tuesday,42,526.5,0.8,0.2,4
6N,19:20,Tuesday,50,605.5,0.8,0.2,4
6N,21:20,Tuesday,100,25.08,0.05,0.1,0.5
6N,22:30,Wednesday,93,40.07,0.05,0.1,0.5
6N,23:30,Thursday,92,23.46,0.05,0.1,0.5
6N,23:40,Thursday,92,37.92,0.05,0.1,0.5
6N,2:20,Wednesday,92,21.17,0.05,0.1,0.5
6N,2:50,Wednesday,92,16.25,0.05,0.1,0.5
6N,5:40,Thursday,93,41.21,0.05,0.1,0.5
6N,7:00,Wednesday,92,31.83,0.05,0.1,0.5
6N,7:10,Thursday,93,34.07,0.05,0.1,0.5
6N,9:00,Friday,92,10.15,0.05,0.1,0.5
6N,10:00,Friday,92,8.15,0.05,0.1,0.5
6N,10:20,Thursday,100,21.07,0.05,0.1,0.5
6N,10:30,Friday,92,22.92,0.05,0.1,0.5
6N,10:40,Wednesday,92,16.42,0.05,0.1,0.5
6N,18:10,Wednesday,86,29.86,0.05,0.05,1
6N,21:20,Tuesday,83,12.75,0.05,0.05,1
6N,23:30,Thursday,92,21.23,0.05,0.05,1
6N,5:40,Thursday,86,35.86,0.05,0.05,1
6N,6:00,Friday,85,29,0.05,0.05,1
6N,6:40,Monday,86,30.14,0.05,0.05,1
6B,1:30,Friday,86,24.57,0.05,0.05,1
6B,7:30,Wednesday,83,16.42,0.05,0.05,1
6B,10:30,Tuesday,86,10.64,0.05,0.05,1
6B,19:40,Monday,71,78.43,0.1,0.05,2
6B,1:50,Friday,71,22.71,0.1,0.05,2
6B,2:40,Thursday,79,46.36,0.1,0.05,2
6B,18:40,Wednesday,50,192.36,0.15,0.05,3
6B,19:40,Monday,50,177.93,0.15,0.05,3
6B,21:20,Wednesday,50,180.43,0.15,0.05,3
6B,23:00,Wednesday,50,126.14,0.15,0.05,3
6B,23:10,Wednesday,50,119.64,0.15,0.05,3
6B,0:30,Friday,50,87.5,0.15,0.05,3
6B,0:50,Thursday,50,79.14,0.15,0.05,3
6B,1:30,Tuesday,50,56.86,0.15,0.05,3
6B,1:30,Thursday,50,62.64,0.15,0.05,3
6B,1:50,Friday,64,37.64,0.15,0.05,3
6B,2:00,Friday,50,56.93,0.15,0.05,3
6B,2:30,Thursday,50,66.86,0.15,0.05,3
6B,2:40,Thursday,64,70.5,0.15,0.05,3
6B,4:20,Thursday,57,74.14,0.15,0.05,3
6B,10:30,Wednesday,50,40.92,0.15,0.05,3
6B,18:40,Wednesday,50,222.36,0.2,0.05,4
6B,1:50,Friday,50,55.14,0.2,0.05,4
6B,2:40,Thursday,50,117.36,0.2,0.05,4
6B,1:50,Friday,50,107.79,0.25,0.05,5
6B,2:40,Thursday,50,142.21,0.25,0.05,5
6B,19:40,Wednesday,79,240.64,0.1,0.1,1
6B,1:30,Tuesday,79,62.07,0.1,0.1,1
6B,1:30,Thursday,79,49.07,0.1,0.1,1
6B,1:50,Thursday,79,32.93,0.1,0.1,1
6B,3:30,Monday,79,31.36,0.1,0.1,1
6B,4:20,Thursday,79,89.36,0.1,0.1,1
6B,5:20,Thursday,79,54.93,0.1,0.1,1
6B,6:40,Tuesday,79,52.07,0.1,0.1,1
6B,9:30,Monday,79,26.07,0.1,0.1,1
6B,10:00,Friday,79,25.14,0.1,0.1,1
6B,10:30,Tuesday,79,38.57,0.1,0.1,1
6B,0:50,Thursday,86,81,0.1,0.1,1
6B,1:50,Friday,86,39.5,0.1,0.1,1
6B,2:40,Thursday,93,66.79,0.1,0.1,1
6B,18:40,Wednesday,64,345.79,0.2,0.1,2
6B,21:50,Sunday,64,268.86,0.2,0.1,2
6B,0:40,Tuesday,64,163.64,0.2,0.1,2
6B,2:40,Thursday,71,183.21,0.2,0.1,2
6B,2:50,Friday,64,149.64,0.2,0.1,2
6B,3:30,Monday,64,152.71,0.2,0.1,2
6B,4:20,Thursday,64,182,0.2,0.1,2
6B,5:20,Thursday,71,122.71,0.2,0.1,2
6B,1:50,Friday,57,195.57,0.3,0.1,3
6B,2:40,Thursday,71,272.36,0.3,0.1,3
6B,1:50,Wednesday,50,192.42,0.4,0.1,4
6B,2:40,Thursday,50,354.86,0.4,0.1,4
6B,18:50,Wednesday,43,496.21,0.5,0.1,5
6B,19:30,Wednesday,43,512.07,0.5,0.1,5
6B,22:40,Wednesday,43,356.14,0.5,0.1,5
6B,20:00,Sunday,86,310.36,0.15,0.15,1
6B,22:10,Monday,79,265.14,0.15,0.15,1
6B,1:30,Tuesday,79,82.71,0.15,0.15,1
6B,1:30,Thursday,79,124.64,0.15,0.15,1
6B,1:50,Friday,93,124.21,0.15,0.15,1
6B,2:40,Thursday,86,127.36,0.15,0.15,1
6B,2:50,Friday,79,167.93,0.15,0.15,1
6B,3:20,Thursday,79,154.71,0.15,0.15,1
6B,7:40,Monday,86,93.71,0.15,0.15,1
6B,8:20,Monday,79,91.64,0.15,0.15,1
6B,20:00,Thursday,64,543.79,0.3,0.15,2
6B,1:50,Friday,64,289.29,0.3,0.15,2
6B,2:00,Wednesday,67,244.75,0.3,0.15,2
6B,2:20,Wednesday,67,265,0.3,0.15,2
6B,2:40,Thursday,71,282.21,0.3,0.15,2
6B,18:50,Wednesday,43,538.21,0.45,0.15,3
6B,19:00,Tuesday,42,511.5,0.45,0.15,3
6B,19:30,Wednesday,43,546.21,0.45,0.15,3
6B,20:00,Thursday,43,655.36,0.45,0.15,3
6B,21:30,Wednesday,43,471.57,0.45,0.15,3
6B,21:30,Thursday,43,499.29,0.45,0.15,3
6B,22:20,Tuesday,50,398.33,0.45,0.15,3
6B,22:20,Thursday,43,458.57,0.45,0.15,3
6B,22:40,Wednesday,43,375.71,0.45,0.15,3
6B,1:10,Monday,43,310.29,0.45,0.15,3
6B,1:50,Wednesday,42,267.42,0.45,0.15,3
6B,2:00,Wednesday,50,322.92,0.45,0.15,3
6B,2:20,Wednesday,50,391.25,0.45,0.15,3
6B,2:40,Thursday,43,395.64,0.45,0.15,3
6B,4:10,Wednesday,42,264.75,0.45,0.15,3
6B,7:40,Monday,43,268.71,0.45,0.15,3
6B,18:50,Wednesday,43,618.57,0.6,0.15,4
6B,2:20,Wednesday,33,467.5,0.75,0.15,5
6B,22:20,Tuesday,75,314.67,0.2,0.2,1
6B,23:30,Tuesday,75,249.08,0.2,0.2,1
6B,0:50,Wednesday,75,148.17,0.2,0.2,1
6B,2:10,Monday,79,187.86,0.2,0.2,1
6B,2:20,Wednesday,75,193.92,0.2,0.2,1
6B,2:50,Friday,79,199.57,0.2,0.2,1
6B,3:20,Thursday,79,236.29,0.2,0.2,1
6B,3:50,Wednesday,83,160.67,0.2,0.2,1
6B,5:20,Thursday,79,145.14,0.2,0.2,1
6B,18:50,Thursday,57,693.5,0.4,0.2,2
6B,19:30,Wednesday,57,654.86,0.4,0.2,2
6B,22:30,Wednesday,64,503.29,0.4,0.2,2
6B,22:40,Wednesday,57,490.93,0.4,0.2,2
6B,2:20,Wednesday,67,304.83,0.4,0.2,2
6B,19:30,Wednesday,93,93.21,0.05,0.1,0.5
6B,23:30,Tuesday,92,102.08,0.05,0.1,0.5
6B,0:40,Tuesday,93,66.07,0.05,0.1,0.5
6B,2:00,Friday,93,20.79,0.05,0.1,0.5
6B,2:20,Thursday,93,39.86,0.05,0.1,0.5
6B,2:40,Thursday,93,48.86,0.05,0.1,0.5
6B,3:20,Wednesday,92,22.67,0.05,0.1,0.5
6B,4:20,Thursday,93,36.86,0.05,0.1,0.5
6B,7:30,Wednesday,92,18.67,0.05,0.1,0.5
6B,10:30,Tuesday,93,12.79,0.05,0.1,0.5
6B,10:40,Thursday,100,20.14,0.05,0.1,0.5
6B,12:30,Tuesday,93,53.21,0.05,0.1,0.5
6C,18:50,Sunday,79,107.57,0.05,0.05,1
6C,20:30,Tuesday,83,83.08,0.05,0.05,1
6C,0:50,Thursday,79,57.71,0.05,0.05,1
6C,3:30,Monday,79,54.71,0.05,0.05,1
6C,4:00,Monday,79,44.29,0.05,0.05,1
6C,6:00,Wednesday,83,35.67,0.05,0.05,1
6C,9:20,Monday,79,14.14,0.05,0.05,1
6C,9:50,Friday,86,6.07,0.05,0.05,1
6C,18:50,Sunday,64,170.29,0.1,0.05,2
6C,19:00,Sunday,64,122.14,0.1,0.05,2
6C,0:20,Thursday,71,120.93,0.1,0.05,2
6C,2:00,Wednesday,67,67.75,0.1,0.05,2
6C,2:00,Thursday,64,68.79,0.1,0.05,2
6C,3:30,Monday,64,92,0.1,0.05,2
6C,9:50,Friday,64,36.86,0.1,0.05,2
6C,18:10,Thursday,50,311.07,0.15,0.05,3
6C,20:30,Sunday,50,162.43,0.15,0.05,3
6C,21:10,Monday,57,190.43,0.15,0.05,3
6C,21:10,Wednesday,50,255.29,0.15,0.05,3
6C,23:10,Thursday,50,238.36,0.15,0.05,3
6C,23:30,Thursday,50,205.86,0.15,0.05,3
6C,0:20,Thursday,64,175.71,0.15,0.05,3
6C,0:50,Thursday,50,195.93,0.15,0.05,3
6C,1:50,Wednesday,58,109.17,0.15,0.05,3
6C,2:00,Wednesday,50,124.42,0.15,0.05,3
6C,2:00,Thursday,50,128.43,0.15,0.05,3
6C,2:10,Wednesday,50,128.75,0.15,0.05,3
6C,2:20,Wednesday,50,98.33,0.15,0.05,3
6C,2:50,Thursday,50,163.36,0.15,0.05,3
6C,4:20,Monday,50,140.29,0.15,0.05,3
6C,7:30,Thursday,50,47.93,0.15,0.05,3
6C,7:50,Monday,50,80.36,0.15,0.05,3
6C,7:50,Tuesday,50,38.71,0.15,0.05,3
6C,9:00,Monday,50,71.71,0.15,0.05,3
6C,9:50,Friday,64,78.64,0.15,0.05,3
6C,23:10,Thursday,50,246.43,0.2,0.05,4
6C,23:30,Thursday,50,249.21,0.2,0.05,4
6C,0:20,Thursday,50,263.14,0.2,0.05,4
6C,0:50,Thursday,50,209.64,0.2,0.05,4
6C,1:50,Wednesday,50,200.25,0.2,0.05,4
6C,2:50,Thursday,50,193.29,0.2,0.05,4
6C,7:30,Thursday,50,71,0.2,0.05,4
6C,9:50,Friday,50,119.43,0.2,0.05,4
6C,23:10,Thursday,43,265.93,0.25,0.05,5
6C,23:30,Thursday,43,277.29,0.25,0.05,5
6C,1:50,Wednesday,42,283.17,0.25,0.05,5
6C,2:00,Wednesday,42,212.58,0.25,0.05,5
6C,2:00,Thursday,43,192.86,0.25,0.05,5
6C,2:10,Wednesday,42,198.33,0.25,0.05,5
6C,2:20,Wednesday,42,198.58,0.25,0.05,5
6C,3:20,Friday,43,180,0.25,0.05,5
6C,5:10,Monday,43,110.14,0.25,0.05,5
6C,7:30,Thursday,50,82.93,0.25,0.05,5
6C,9:00,Monday,43,112.43,0.25,0.05,5
6C,9:50,Friday,43,136.43,0.25,0.05,5
6C,19:00,Monday,79,229.21,0.1,0.1,1
6C,22:10,Monday,79,214.43,0.1,0.1,1
6C,23:10,Wednesday,79,220.5,0.1,0.1,1
6C,23:20,Thursday,79,259,0.1,0.1,1
6C,0:20,Thursday,86,169.93,0.1,0.1,1
6C,5:20,Tuesday,86,111.21,0.1,0.1,1
6C,7:10,Tuesday,79,72.86,0.1,0.1,1
6C,18:10,Thursday,57,500,0.2,0.1,2
6C,21:10,Wednesday,57,409.29,0.2,0.1,2
6C,21:40,Thursday,57,374.86,0.2,0.1,2
6C,21:50,Tuesday,58,400,0.2,0.1,2
6C,23:10,Thursday,57,334.07,0.2,0.1,2
6C,23:20,Thursday,57,370.86,0.2,0.1,2
6C,23:30,Thursday,71,343,0.2,0.1,2
6C,0:10,Friday,64,333.93,0.2,0.1,2
6C,0:20,Thursday,57,342,0.2,0.1,2
6C,0:30,Friday,57,310.5,0.2,0.1,2
6C,1:10,Tuesday,57,273.43,0.2,0.1,2
6C,1:30,Friday,57,249.43,0.2,0.1,2
6C,2:20,Wednesday,67,279.58,0.2,0.1,2
6C,2:30,Monday,57,257.71,0.2,0.1,2
6C,5:10,Monday,57,195.36,0.2,0.1,2
6C,9:00,Monday,57,131.57,0.2,0.1,2
6C,9:50,Friday,57,154.21,0.2,0.1,2
6C,21:10,Tuesday,50,553.67,0.3,0.1,3
6C,21:50,Tuesday,50,507,0.3,0.1,3
6C,23:10,Thursday,50,363.21,0.3,0.1,3
6C,23:20,Thursday,57,418.14,0.3,0.1,3
6C,23:30,Thursday,64,406.29,0.3,0.1,3
6C,0:50,Monday,50,352.64,0.3,0.1,3
6C,1:50,Wednesday,50,352.17,0.3,0.1,3
6C,2:00,Wednesday,50,328,0.3,0.1,3
6C,2:10,Monday,50,312,0.3,0.1,3
6C,2:20,Wednesday,50,369.25,0.3,0.1,3
6C,2:30,Monday,57,340.07,0.3,0.1,3
6C,19:00,Wednesday,43,573.43,0.4,0.1,4
6C,19:50,Wednesday,43,514.5,0.4,0.1,4
6C,23:20,Thursday,43,479.29,0.4,0.1,4
6C,23:30,Thursday,50,468.71,0.4,0.1,4
6C,0:50,Monday,50,395.07,0.4,0.1,4
6C,1:50,Wednesday,42,377.58,0.4,0.1,4
6C,23:10,Thursday,36,498.43,0.5,0.1,5
6C,22:10,Monday,71,397.64,0.15,0.15,1
6C,22:30,Monday,71,363.07,0.15,0.15,1
6C,22:40,Monday,71,361.5,0.15,0.15,1
6C,23:10,Wednesday,71,373,0.15,0.15,1
6C,23:30,Sunday,71,282.5,0.15,0.15,1
6C,23:30,Thursday,79,351.43,0.15,0.15,1
6C,0:10,Monday,79,250.36,0.15,0.15,1
6C,0:10,Friday,71,341.07,0.15,0.15,1
6C,0:20,Thursday,79,303.5,0.15,0.15,1
6C,0:30,Tuesday,71,238.43,0.15,0.15,1
6C,0:30,Friday,79,323.5,0.15,0.15,1
6C,1:10,Tuesday,71,209.71,0.15,0.15,1
6C,2:20,Tuesday,71,228.5,0.15,0.15,1
6C,5:30,Wednesday,75,250.83,0.15,0.15,1
6C,7:10,Tuesday,71,97.36,0.15,0.15,1
6C,7:50,Tuesday,71,73,0.15,0.15,1
6C,8:10,Tuesday,71,64,0.15,0.15,1
6C,9:10,Thursday,71,232.71,0.15,0.15,1
6C,9:20,Monday,71,156.43,0.15,0.15,1
6C,9:30,Friday,79,116.07,0.15,0.15,1
6C,9:50,Friday,71,125.79,0.15,0.15,1
6C,21:10,Wednesday,57,578,0.3,0.15,2
6C,21:50,Tuesday,67,552.83,0.3,0.15,2
6C,22:20,Tuesday,58,518.33,0.3,0.15,2
6C,23:20,Thursday,57,468.21,0.3,0.15,2
6C,23:30,Thursday,64,475.71,0.3,0.15,2
6C,23:40,Sunday,57,414.93,0.3,0.15,2
6C,0:10,Monday,57,449.43,0.3,0.15,2
6C,0:50,Monday,57,404.14,0.3,0.15,2
6C,2:00,Wednesday,58,370.42,0.3,0.15,2
6C,2:30,Monday,64,367.86,0.3,0.15,2
6C,7:50,Thursday,57,268.5,0.3,0.15,2
6C,18:50,Wednesday,36,708.79,0.45,0.15,3
6C,19:00,Wednesday,36,798.21,0.45,0.15,3
6C,19:20,Wednesday,36,776.29,0.45,0.15,3
6C,19:30,Wednesday,43,854.5,0.45,0.15,3
6C,19:50,Sunday,36,606.43,0.45,0.15,3
6C,19:50,Wednesday,36,756.5,0.45,0.15,3
6C,20:00,Wednesday,43,729.86,0.45,0.15,3
6C,20:40,Wednesday,36,655.57,0.45,0.15,3
6C,23:00,Sunday,36,494.36,0.45,0.15,3
6C,23:10,Thursday,36,548.79,0.45,0.15,3
6C,23:20,Thursday,36,591.64,0.45,0.15,3
6C,23:30,Thursday,43,640.79,0.45,0.15,3
6C,18:50,Wednesday,29,740.36,0.6,0.15,4
6C,4:20,Thursday,29,413.43,0.6,0.15,4
6C,18:50,Wednesday,29,801.29,0.75,0.15,5
6C,19:00,Monday,93,60.14,0.05,0.1,0.5
6C,20:30,Tuesday,92,107.92,0.05,0.1,0.5
6C,22:30,Tuesday,92,160.25,0.05,0.1,0.5
6C,23:30,Tuesday,92,158.08,0.05,0.1,0.5
6C,0:50,Thursday,93,69,0.05,0.1,0.5
6C,3:10,Wednesday,92,80.5,0.05,0.1,0.5
6C,5:20,Tuesday,93,54.43,0.05,0.1,0.5
6C,6:00,Wednesday,92,50.08,0.05,0.1,0.5
6C,7:10,Tuesday,93,34.29,0.05,0.1,0.5
6C,18:00,Thursday,71,620.36,0.2,0.2,1
6C,21:10,Wednesday,71,561.14,0.2,0.2,1
6C,21:30,Wednesday,71,605.86,0.2,0.2,1
6C,23:30,Thursday,71,485.93,0.2,0.2,1
6C,23:40,Sunday,71,379.57,0.2,0.2,1
6C,0:00,Thursday,71,461.07,0.2,0.2,1
6C,1:10,Tuesday,71,401.93,0.2,0.2,1
6C,1:50,Friday,71,409.86,0.2,0.2,1
6C,2:50,Thursday,71,379.64,0.2,0.2,1
6C,7:10,Tuesday,71,238,0.2,0.2,1
6C,9:20,Monday,71,193.21,0.2,0.2,1
6C,9:30,Friday,71,159.14,0.2,0.2,1
6C,21:50,Tuesday,75,586.42,0.2,0.2,1
6C,5:30,Wednesday,75,298.92,0.2,0.2,1
6C,18:10,Thursday,79,639.5,0.2,0.2,1
6C,20:50,Sunday,79,562.86,0.2,0.2,1
6C,2:30,Monday,79,318.71,0.2,0.2,1
6C,19:00,Wednesday,57,843.86,0.4,0.2,2
6C,19:30,Wednesday,50,854.93,0.4,0.2,2
6C,19:50,Wednesday,50,817.07,0.4,0.2,2
6C,20:00,Wednesday,50,822.64,0.4,0.2,2
6C,21:10,Wednesday,57,818.64,0.4,0.2,2
6C,21:50,Tuesday,50,818.92,0.4,0.2,2
6C,23:30,Thursday,50,647.29,0.4,0.2,2
6C,0:50,Monday,50,566.21,0.4,0.2,2
6C,23:10,Thursday,36,498.43,0.5,0.1,5
GC,19:30,Tuesday,92,11.33,0.05,0.05,1
GC,19:50,Sunday,86,1.57,0.05,0.05,1
GC,20:40,Thursday,85,12.69,0.05,0.05,1
GC,22:50,Sunday,86,15.21,0.05,0.05,1
GC,0:20,Tuesday,86,7.86,0.05,0.05,1
GC,0:20,Wednesday,83,8.5,0.05,0.05,1
GC,0:50,Thursday,86,7.93,0.05,0.05,1
GC,1:10,Friday,85,6,0.05,0.05,1
GC,9:10,Friday,85,1.77,0.05,0.05,1
GC,15:40,Friday,83,7.75,0.05,0.05,1
GC,19:10,Tuesday,67,22.75,0.1,0.05,2
GC,19:20,Sunday,71,11.86,0.1,0.05,2
GC,19:40,Monday,64,10.36,0.1,0.05,2
GC,22:50,Sunday,64,27.43,0.1,0.05,2
GC,0:20,Wednesday,75,25.67,0.1,0.05,2
GC,0:50,Thursday,64,24.57,0.1,0.05,2
GC,1:40,Thursday,64,19.36,0.1,0.05,2
GC,2:00,Monday,64,16.14,0.1,0.05,2
GC,2:20,Tuesday,71,16.64,0.1,0.05,2
GC,3:00,Wednesday,67,11.5,0.1,0.05,2
GC,3:30,Wednesday,67,10.92,0.1,0.05,2
GC,3:40,Thursday,71,17.07,0.1,0.05,2
GC,8:10,Thursday,64,4.93,0.1,0.05,2
GC,8:20,Wednesday,67,3.42,0.1,0.05,2
GC,8:40,Wednesday,67,4.67,0.1,0.05,2
GC,8:40,Thursday,64,7,0.1,0.05,2
GC,9:00,Monday,64,5.07,0.1,0.05,2
GC,9:10,Friday,69,4.31,0.1,0.05,2
GC,9:30,Tuesday,64,5.5,0.1,0.05,2
GC,13:20,Wednesday,67,23,0.1,0.05,2
GC,13:30,Wednesday,67,12.58,0.1,0.05,2
GC,15:30,Friday,67,16.42,0.1,0.05,2
GC,19:40,Monday,57,23,0.15,0.05,3
GC,19:50,Sunday,57,7.43,0.15,0.05,3
GC,23:20,Thursday,57,54.14,0.15,0.05,3
GC,2:00,Monday,57,25,0.15,0.05,3
GC,2:20,Tuesday,57,24.43,0.15,0.05,3
GC,3:00,Wednesday,58,26.75,0.15,0.05,3
GC,3:30,Wednesday,58,26.75,0.15,0.05,3
GC,9:30,Tuesday,57,7.43,0.15,0.05,3
GC,13:20,Wednesday,58,27.17,0.15,0.05,3
GC,13:30,Wednesday,67,24.67,0.15,0.05,3
6C,7:30,Thursday,50,82.93,0.25,0.05,5
6C,9:50,Friday,43,136.43,0.25,0.05,5
6C,9:00,Monday,43,112.43,0.25,0.05,5
6C,5:10,Monday,43,110.14,0.25,0.05,5
6C,3:20,Friday,43,180,0.25,0.05,5
6C,2:00,Thursday,43,192.86,0.25,0.05,5
6C,23:30,Thursday,43,277.29,0.25,0.05,5
6C,23:10,Thursday,43,265.93,0.25,0.05,5
6C,2:20,Wednesday,42,198.58,0.25,0.05,5
6C,2:10,Wednesday,42,198.33,0.25,0.05,5
6C,2:00,Wednesday,42,212.58,0.25,0.05,5
6C,1:50,Wednesday,42,283.17,0.25,0.05,5
6C,0:20,Thursday,86,169.93,0.1,0.1,1
6C,5:20,Tuesday,86,111.21,0.1,0.1,1
6C,18:10,Thursday,57,500,0.2,0.1,2
6C,21:10,Wednesday,57,409.29,0.2,0.1,2
6C,21:40,Thursday,57,374.86,0.2,0.1,2
6C,21:50,Tuesday,58,400,0.2,0.1,2
6C,23:10,Thursday,57,334.07,0.2,0.1,2
6C,23:20,Thursday,57,370.86,0.2,0.1,2
6C,23:30,Thursday,71,343,0.2,0.1,2
6C,0:10,Friday,64,333.93,0.2,0.1,2
6C,0:20,Thursday,57,342,0.2,0.1,2
6C,0:30,Friday,57,310.5,0.2,0.1,2
6C,1:10,Tuesday,57,273.43,0.2,0.1,2
6C,1:30,Friday,57,249.43,0.2,0.1,2
6C,2:20,Wednesday,67,279.58,0.2,0.1,2
6C,2:30,Monday,57,257.71,0.2,0.1,2
6C,5:10,Monday,57,195.36,0.2,0.1,2
6C,9:00,Monday,57,131.57,0.2,0.1,2
6C,9:50,Friday,57,154.21,0.2,0.1,2
6C,21:10,Tuesday,50,553.67,0.3,0.1,3
6C,21:50,Tuesday,50,507,0.3,0.1,3
6C,23:10,Thursday,50,363.21,0.3,0.1,3
6C,23:20,Thursday,57,418.14,0.3,0.1,3
6C,23:30,Thursday,64,406.29,0.3,0.1,3
6C,0:50,Monday,50,352.64,0.3,0.1,3
6C,1:50,Wednesday,50,352.17,0.3,0.1,3
6C,2:00,Wednesday,50,328,0.3,0.1,3
6C,2:10,Monday,50,312,0.3,0.1,3
6C,2:20,Wednesday,50,369.25,0.3,0.1,3
6C,2:30,Monday,57,340.07,0.3,0.1,3
6C,19:00,Wednesday,43,573.43,0.4,0.1,4
6C,19:50,Wednesday,43,514.5,0.4,0.1,4
6C,23:20,Thursday,43,479.29,0.4,0.1,4
6C,23:30,Thursday,50,468.71,0.4,0.1,4
6C,0:50,Monday,50,395.07,0.4,0.1,4
6C,1:50,Wednesday,42,377.58,0.4,0.1,4
6C,23:10,Thursday,36,498.43,0.5,0.1,5
6C,22:10,Monday,71,397.64,0.15,0.15,1
6C,22:30,Monday,71,363.07,0.15,0.15,1
6C,22:40,Monday,71,361.5,0.15,0.15,1
6C,23:10,Wednesday,71,373,0.15,0.15,1
6C,23:30,Sunday,71,282.5,0.15,0.15,1
6C,0:10,Friday,71,341.07,0.15,0.15,1
6C,0:30,Tuesday,71,238.43,0.15,0.15,1
6C,1:10,Tuesday,71,209.71,0.15,0.15,1
6C,2:20,Tuesday,71,228.5,0.15,0.15,1
6C,7:10,Tuesday,71,97.36,0.15,0.15,1
6C,7:50,Tuesday,71,73,0.15,0.15,1
6C,8:10,Tuesday,71,64,0.15,0.15,1
6C,9:10,Thursday,71,232.71,0.15,0.15,1
6C,9:20,Monday,71,156.43,0.15,0.15,1
6C,9:50,Friday,71,125.79,0.15,0.15,1
6C,5:30,Wednesday,75,250.83,0.15,0.15,1
6C,23:30,Thursday,79,351.43,0.15,0.15,1
6C,0:10,Monday,79,250.36,0.15,0.15,1
6C,0:20,Thursday,79,303.5,0.15,0.15,1
6C,0:30,Friday,79,323.5,0.15,0.15,1
6C,9:30,Friday,79,116.07,0.15,0.15,1
6C,21:10,Wednesday,57,578,0.3,0.15,2
6C,21:50,Tuesday,67,552.83,0.3,0.15,2
6C,22:20,Tuesday,58,518.33,0.3,0.15,2
6C,23:20,Thursday,57,468.21,0.3,0.15,2
6C,23:30,Thursday,64,475.71,0.3,0.15,2
6C,23:40,Sunday,57,414.93,0.3,0.15,2
6C,0:10,Monday,57,449.43,0.3,0.15,2
6C,0:50,Monday,57,404.14,0.3,0.15,2
6C,2:00,Wednesday,58,370.42,0.3,0.15,2
6C,2:30,Monday,64,367.86,0.3,0.15,2
6C,7:50,Thursday,57,268.5,0.3,0.15,2
6C,19:30,Wednesday,43,854.5,0.45,0.15,3
6C,20:00,Wednesday,43,729.86,0.45,0.15,3
6C,23:30,Thursday,43,640.79,0.45,0.15,3
6C,18:50,Wednesday,29,801.29,0.75,0.15,5
GC,19:50,Thursday,50,47.29,0.2,0.05,4
GC,20:50,Tuesday,50,42.67,0.2,0.05,4
GC,23:20,Thursday,50,71.64,0.2,0.05,4
GC,1:40,Thursday,50,38.43,0.2,0.05,4
GC,3:30,Wednesday,50,49.92,0.2,0.05,4
GC,7:00,Thursday,50,27.21,0.2,0.05,4
GC,8:20,Wednesday,50,8.67,0.2,0.05,4
GC,12:20,Wednesday,50,44.75,0.2,0.05,4
GC,13:30,Wednesday,50,31.58,0.2,0.05,4
GC,19:40,Monday,57,51.79,0.2,0.05,4
GC,19:50,Sunday,57,9.86,0.2,0.05,4
GC,3:00,Wednesday,58,42,0.2,0.05,4
GC,18:20,Tuesday,75,235.08,0.2,0.2,1
GC,18:40,Wednesday,79,154.64,0.2,0.2,1
GC,21:00,Tuesday,83,132.33,0.2,0.2,1
GC,21:30,Tuesday,75,189.08,0.2,0.2,1
GC,22:00,Wednesday,79,203.43,0.2,0.2,1
GC,22:20,Tuesday,83,191.17,0.2,0.2,1
GC,23:00,Sunday,79,101.71,0.2,0.2,1
GC,0:10,Monday,79,112.64,0.2,0.2,1
GC,0:20,Wednesday,75,111.92,0.2,0.2,1
GC,1:00,Wednesday,83,142.25,0.2,0.2,1
GC,2:20,Wednesday,75,111.75,0.2,0.2,1
GC,3:00,Wednesday,75,94.33,0.2,0.2,1
GC,3:50,Monday,79,81.14,0.2,0.2,1
GC,8:20,Wednesday,83,29.58,0.2,0.2,1
GC,8:30,Wednesday,75,33,0.2,0.2,1
6C,23:10,Thursday,36,498.43,0.5,0.1,5
6C,19:00,Monday,93,60.14,0.05,0.1,0.5
6C,20:30,Tuesday,92,107.92,0.05,0.1,0.5
6C,22:30,Tuesday,92,160.25,0.05,0.1,0.5
6C,23:30,Tuesday,92,158.08,0.05,0.1,0.5
6C,0:50,Thursday,93,69,0.05,0.1,0.5
6C,3:10,Wednesday,92,80.5,0.05,0.1,0.5
6C,5:20,Tuesday,93,54.43,0.05,0.1,0.5
6C,6:00,Wednesday,92,50.08,0.05,0.1,0.5
6C,7:10,Tuesday,93,34.29,0.05,0.1,0.5